RSI_W,SMA_W,Buy,Sell,Hold,Pos,Ret,MDD,WR,Trades
3,100,20,70,10,7,3.9879943412503005,-49.54237493991315,58.077879038939514,1207
3,100,20,70,10,10,-4.538833268299669,-51.95462567978099,58.83306320907617,1851
3,100,20,70,10,15,-12.640505457999629,-52.22564626587302,59.52529668956902,3202
3,100,20,70,20,7,25.88864723085016,-50.693083821520524,60.93023255813953,1075
3,100,20,70,20,10,19.109187913000248,-50.09001841984136,60.67216981132076,1696
3,100,20,70,20,15,-3.3306560394996687,-50.94999193466552,60.19518996165911,2869
3,100,20,70,30,7,56.730722642450296,-41.47653215919728,60.91417910447762,1072
3,100,20,70,30,10,28.060277288350143,-48.44970179624365,60.67415730337079,1691
3,100,20,70,30,15,-5.108244911299686,-49.616901061714266,60.203045685279186,2955
3,100,20,75,10,7,12.145309249400205,-35.826187011421574,57.25646123260437,1006
3,100,20,75,10,10,-11.343048712949756,-47.225886261178005,57.05128205128205,1872
3,100,20,75,10,15,-19.342689401949777,-49.223130203072905,58.0116159890673,2927
3,100,20,75,20,7,73.23444767860019,-32.48297778729609,60.65573770491803,976
3,100,20,75,20,10,19.36309946595014,-46.242634593647,58.93630179344464,1617
3,100,20,75,20,15,-1.8503256596997364,-49.24662856114912,58.795269770879536,2706
3,100,20,75,30,7,63.434009892250366,-30.39468061211193,60.02358490566038,848
3,100,20,75,30,10,41.99964455550025,-44.02451393626315,59.691482226693495,1491
3,100,20,75,30,15,1.6078967636001362,-50.688818905649214,59.42028985507246,2553
3,100,20,80,10,7,-2.7165462664498707,-45.95173448623473,54.97674418604651,1075
3,100,20,80,10,10,-0.7181059977497739,-51.11773414713908,56.16580310880829,1930
3,100,20,80,10,15,-9.199049536499826,-48.189444593168254,56.63464959089291,2811
3,100,20,80,20,7,25.97995909755022,-42.92523008258253,59.133489461358316,854
3,100,20,80,20,10,7.437229974100212,-51.70174136057931,58.54450942170241,1539
3,100,20,80,20,15,-13.680767227849799,-49.83583655448224,58.65589111016589,2351
3,100,20,80,30,7,32.730634944200254,-38.994047887567795,59.286592865928654,813
3,100,20,80,30,10,19.786173789100058,-43.63479132286186,59.34676858929813,1439
3,100,20,80,30,15,-4.6073580338497955,-48.889595499288,59.2967032967033,2275
3,100,25,70,10,7,14.683204858350196,-47.4923266589902,58.21749795584628,1223
3,100,25,70,10,10,4.512135429950104,-52.7638123649799,59.26121372031662,1895
3,100,25,70,10,15,4.464768889600346,-51.39288328260485,59.83844911147011,3095
3,100,25,70,20,7,48.776089224300236,-46.312382094333735,61.141304347826086,1104
3,100,25,70,20,10,19.499979257000245,-53.479732379766396,60.801393728223,1722
3,100,25,70,20,15,-2.3108281140498232,-52.54945112681691,60.414610069101684,3039
3,100,25,70,30,7,61.738149285850305,-41.25544657843837,61.038961038961034,1078
3,100,25,70,30,10,26.3248451467504,-51.55046141077315,60.884749708963916,1718
3,100,25,70,30,15,-2.4328662886498265,-51.67548784356267,60.35737921906023,3022
3,100,25,75,10,7,4.685981665200223,-39.14395560784995,56.2007874015748,1016
3,100,25,75,10,10,-2.8485015937997127,-43.13256168373022,57.30042016806722,1904
3,100,25,75,10,15,-1.3246598527497766,-44.25587282388291,58.058540200074106,2699
3,100,25,75,20,7,80.02696771870015,-35.47115431440417,60.24340770791075,986
3,100,25,75,20,10,50.67160024925015,-38.80130897242137,59.40656565656566,1584
3,100,25,75,20,15,-5.543089983499783,-45.12392711892064,59.01960784313726,2550
3,100,25,75,30,7,63.101551738450226,-33.569577677827404,59.90675990675991,858
3,100,25,75,30,10,64.89296991355025,-34.68654511620725,59.83550376970528,1459
3,100,25,75,30,15,16.521540564450255,-45.55906993030803,59.45094509450946,2222
3,100,25,80,10,7,-10.215152925799842,-50.51128481119984,54.7787610619469,1130
3,100,25,80,10,10,7.41193798885027,-42.284035606348006,56.41911341393207,1737
3,100,25,80,10,15,-6.097365050249781,-48.23350130414529,56.50519031141869,2890
3,100,25,80,20,7,14.530842374900121,-43.56933377384994,57.82710280373832,856
3,100,25,80,20,10,16.55772800965021,-44.60671962211896,58.229598893499315,1446
3,100,25,80,20,15,-3.781446011849965,-47.088899734312086,58.57577073382545,2303
3,100,25,80,30,7,22.219401223350175,-39.96561918590503,58.17073170731707,820
3,100,25,80,30,10,15.15794080010009,-36.822647990970324,57.971014492753625,1311
3,100,25,80,30,15,6.15028771395012,-42.3767024676408,59.92063492063492,2016
3,100,30,70,10,7,12.798590506350148,-47.27311923159255,57.78145695364238,1208
3,100,30,70,10,10,5.8198656643000835,-53.382822700097385,58.91835673426937,1923
3,100,30,70,10,15,-1.6327638286998125,-50.219491621761634,59.02999361837907,3134
3,100,30,70,20,7,20.84283877565012,-49.57569013624235,59.723502304147466,1085
3,100,30,70,20,10,14.952726230800128,-51.47681648327709,60.19307211811471,1761
3,100,30,70,20,15,3.1477128308002866,-50.12884454729092,59.47265625,3072
3,100,30,70,30,7,36.389388428000146,-44.703003932973196,59.87084870848709,1084
3,100,30,70,30,10,27.227812464000234,-48.80336013742071,60.238907849829346,1758
3,100,30,70,30,15,3.1017670673501696,-49.48812926106858,59.7199609247802,3071
3,100,30,75,10,7,18.21734617415014,-40.99135431989995,56.33074935400517,1161
3,100,30,75,10,10,-11.678799344999746,-47.24506396166422,56.220960247805884,1937
3,100,30,75,10,15,-17.30846483464973,-46.910617132029465,56.658511010136316,2861
3,100,30,75,20,7,50.56523501035017,-38.94056606483465,59.45399393326593,989
3,100,30,75,20,10,34.68702521445017,-39.11330898730356,58.764186633039095,1586
3,100,30,75,20,15,-7.586578901599783,-44.88628101238446,58.30039525691699,2530
3,100,30,75,30,7,78.71016246345013,-31.804019809949978,59.00692840646651,866
3,100,30,75,30,10,39.5261600540002,-36.43182729153514,58.91632373113854,1458
3,100,30,75,30,15,2.1815096307502335,-46.40325179046959,58.73153779322329,2302
3,100,30,80,10,7,-30.933635929199788,-52.32989133339983,55.03943908851884,1141
3,100,30,80,10,10,-2.207336741299759,-45.713416703247084,56.04584527220631,1745
3,100,30,80,10,15,-6.398745734799894,-44.88834569080854,56.012061816811155,2653
3,100,30,80,20,7,-0.6309966830997937,-46.10392531169991,58.15028901734104,865
3,100,30,80,20,10,1.9777694208001684,-43.6383968143184,58.2109479305741,1498
3,100,30,80,20,15,-2.3668094103998283,-45.542055583527286,58.63636363636363,2200
3,100,30,80,30,7,4.5738259483001364,-43.94835616295826,57.30088495575221,904
3,100,30,80,30,10,13.62954345290024,-36.213789633402655,58.353708231458846,1227
3,100,30,80,30,15,7.3693761872001495,-43.9870005783434,58.97315120113048,2123
3,150,20,70,10,7,-22.95053943409989,-50.39999809563875,57.86604361370716,1284
3,150,20,70,10,10,-25.53214044309979,-51.549249871246104,58.27086456771614,2001
3,150,20,70,10,15,-25.333760130349823,-54.380595593816516,59.4108527131783,3225
3,150,20,70,20,7,-14.825719844249797,-46.42857076712194,59.309021113243766,1042
3,150,20,70,20,10,-17.01950978304985,-51.27480491311091,59.98810939357907,1682
3,150,20,70,20,15,-5.054622488849747,-52.6042887502267,60.13215859030837,3178
3,150,20,70,30,7,-17.523153471849927,-47.84662975375377,59.43579766536965,1028
3,150,20,70,30,10,-18.150567467849786,-50.80511469802027,60.32608695652174,1656
3,150,20,70,30,15,-9.539731424699728,-52.0867203898976,60.35328753680078,3057
3,150,20,75,10,7,-4.567954438949673,-37.63238874661536,58.304794520547944,1168
3,150,20,75,10,10,-9.363806984349644,-46.84045934957968,58.234992303745514,1949
3,150,20,75,10,15,-16.656392831899847,-52.36744119820765,58.740316604917474,2969
3,150,20,75,20,7,-31.99660285324987,-46.401339687970136,59.979633401221996,982
3,150,20,75,20,10,-13.815239947799862,-47.78169820465714,60.385310054184224,1661
3,150,20,75,20,15,-18.87808690769982,-48.934654430849825,59.23022095509622,2806
3,150,20,75,30,7,-5.367164939899816,-41.82390647895938,60.27713625866051,866
3,150,20,75,30,10,-8.364916274999823,-47.34451565300407,60.20874103065884,1533
3,150,20,75,30,15,-13.368707189249818,-48.44705646938512,59.408284023668635,2535
3,150,20,80,10,7,0.3789305020002187,-47.51076515393259,57.60122230710466,1309
3,150,20,80,10,10,0.26306752565010694,-46.24615670443362,57.39732805541811,2021
3,150,20,80,10,15,-6.509831128699695,-46.692960437201904,57.12305025996534,2885
3,150,20,80,20,7,8.59554232880011,-48.63828848153263,58.62457722660653,887
3,150,20,80,20,10,-7.163132606999789,-43.037147831739006,58.88093689004555,1537
3,150,20,80,20,15,-3.4997691165499667,-49.78224250030873,59.21619293712317,2322
3,150,20,80,30,7,-13.59758358154991,-52.3087921449825,58.061420345489445,1042
3,150,20,80,30,10,-5.715158453199831,-41.654504120370746,58.445945945945944,1480
3,150,20,80,30,15,-2.958673536649792,-47.906472482947144,59.17553191489362,2256
3,150,25,70,10,7,-20.052781148699793,-49.81864531570865,58.39028094153379,1317
3,150,25,70,10,10,-12.069274134499775,-51.92727051907296,59.08163265306122,1960
3,150,25,70,10,15,-17.43724005714965,-52.504625820748494,59.69969969969971,3330
3,150,25,70,20,7,-13.225385264249912,-49.70294433359167,59.62897526501767,1132
3,150,25,70,20,10,-15.14864379649985,-51.12270244654821,59.90675990675991,1716
3,150,25,70,20,15,-6.063180941499824,-51.45810934584857,60.311547578733496,2953
3,150,25,70,30,7,-14.927001517299788,-50.99613273185825,59.74842767295597,1113
3,150,25,70,30,10,-16.043172250199824,-50.8755350712757,60.329605650382575,1699
3,150,25,70,30,15,-4.357370181949872,-50.40455093955215,60.585432266848194,2938
3,150,25,75,10,7,-4.175604093249707,-40.931292478871164,58.39727195225917,1173
3,150,25,75,10,10,-6.1523819294497795,-47.220824943037954,58.779011099899094,1982
3,150,25,75,10,15,-2.4416173434997357,-45.12257588135918,58.59076709475877,2881
3,150,25,75,20,7,-26.790957096899927,-46.00038343162016,60.42726347914547,983
3,150,25,75,20,10,-10.500156922499793,-47.98661944965395,60.43890865954923,1686
3,150,25,75,20,15,-20.284541815049728,-49.45392211619697,59.06815556411244,2597
3,150,25,75,30,7,1.4946506817002048,-40.70983987688168,60.532407407407405,864
3,150,25,75,30,10,0.5313835748002926,-46.92440111227133,60.732647814910024,1556
3,150,25,75,30,15,-10.679811720799892,-48.65242600566634,59.19117647058824,2448
3,150,25,80,10,7,-7.66310677419969,-49.383254033605944,57.55725190839694,1310
3,150,25,80,10,10,4.656687220750144,-43.427156410703056,57.758173326414116,1927
3,150,25,80,10,15,2.116222274900159,-44.86218939264671,57.12155108128263,2682
3,150,25,80,20,7,17.636118763800134,-48.613534135184544,57.97752808988764,890
3,150,25,80,20,10,-10.843113803799886,-44.04116003407812,58.98912348048625,1563
3,150,25,80,20,15,3.147371058550319,-45.79942031145606,58.926961226330036,2218
3,150,25,80,30,7,-8.234769490899863,-50.32385765260672,57.781919850885366,1073
3,150,25,80,30,10,-8.413594190549833,-43.61433724809201,58.795986622073585,1495
3,150,25,80,30,15,-0.52173458479986,-43.0436575396041,59.04669260700389,2056
3,150,30,70,10,7,-23.549961859099778,-50.94887366638905,57.70097670924117,1331
3,150,30,70,10,10,-8.928605824649837,-51.39206499410235,58.59296482412061,1990
3,150,30,70,10,15,-20.61353058899964,-53.28887124949053,58.85867941440096,3347
3,150,30,70,20,7,-15.746998104299736,-48.16739396490321,58.74060150375939,1064
3,150,30,70,20,10,-11.52698838239975,-50.837727188189305,59.578107183580386,1754
3,150,30,70,20,15,-9.394852786949814,-51.4040130069201,59.33029908972692,3076
3,150,30,70,30,7,-8.512730329499895,-47.24445576282849,59.09090909090909,1056
3,150,30,70,30,10,-11.43298385759982,-50.68060485722437,59.688581314878896,1734
3,150,30,70,30,15,-11.552041207799757,-51.660657994549375,59.83854692230071,2973
3,150,30,75,10,7,-4.770406831899732,-38.01347167697231,58.192567567567565,1184
3,150,30,75,10,10,-3.2225978336497207,-44.98450912804642,58.379189594797396,1999
3,150,30,75,10,15,-11.50623487744975,-46.49392779049249,58.25309491059147,2908
3,150,30,75,20,7,-33.371677061849766,-52.412920420120535,59.555106167846304,989
3,150,30,75,20,10,1.0480894030501453,-48.62821551838313,60.443407234539094,1714
3,150,30,75,20,15,-6.295153554199651,-46.77697293952167,59.09090909090909,2750
3,150,30,75,30,7,-25.382488576049845,-50.480723734701705,59.453302961275625,878
3,150,30,75,30,10,11.222806745650193,-46.39626012297238,60.11378002528445,1582
3,150,30,75,30,15,-11.509834486849757,-46.01562459977659,58.95791583166332,2495
3,150,30,80,10,7,10.888984180450345,-49.002986826312174,57.8030303030303,1320
3,150,30,80,10,10,1.3653025175001998,-46.398038380977304,57.529351710056154,1959
3,150,30,80,10,15,0.5187787084502515,-44.004034881220996,56.82528655783258,2879
3,150,30,80,20,7,21.696455284500193,-46.765437133250735,58.7138863000932,1073
3,150,30,80,20,10,2.457768527700188,-42.24017803365903,58.90151515151515,1584
3,150,30,80,20,15,-0.3608138742998146,-47.136095443842045,58.629893238434164,2248
3,150,30,80,30,7,-12.492528188649798,-53.74611592649031,57.76744186046512,1075
3,150,30,80,30,10,-0.3028056544998159,-44.21689289085409,58.493060145406474,1513
3,150,30,80,30,15,-0.6016299833497274,-42.634950060401025,58.26330532212886,2142
3,200,20,70,10,7,-33.97290394974978,-47.939206551441,59.04696132596685,1448
3,200,20,70,10,10,-31.788077523449733,-51.289303000687724,60.073710073710075,2442
3,200,20,70,10,15,-45.21531933069961,-59.203965711155234,59.123711340206185,3880
3,200,20,70,20,7,-32.83726264639994,-42.77992302752495,60.3125,1280
3,200,20,70,20,10,-23.165303415999638,-49.40254457533616,60.629921259842526,2286
3,200,20,70,20,15,-22.667871350749746,-49.249036931266545,60.337078651685395,3560
3,200,20,70,30,7,-28.105936738799787,-40.65908120393046,60.44129235618597,1269
3,200,20,70,30,10,-16.704520131149735,-42.89379134548892,60.81576535288726,2182
3,200,20,70,30,15,-7.606874329099744,-46.40580115915191,60.80472706809229,3554
3,200,20,75,10,7,-18.654899313199724,-44.545668147688396,59.64391691394659,1348
3,200,20,75,10,10,-30.32360775699967,-48.52771346104422,59.03352198519809,2297
3,200,20,75,10,15,-39.76917097109972,-53.52312354671395,58.67553499132446,3458
3,200,20,75,20,7,-19.645335255199747,-42.27567039861535,61.05263157894737,1140
3,200,20,75,20,10,-10.072384135549772,-45.618230488058956,60.17964071856288,2004
3,200,20,75,20,15,-26.19491796319975,-47.99239029864669,60.131332082551594,3198
3,200,20,75,30,7,-7.0334099857997545,-36.20492296406332,61.46384479717813,1134
3,200,20,75,30,10,-18.193493843199814,-44.171836972503606,60.279870828848225,1858
3,200,20,75,30,15,-21.021105131649687,-42.478383134816255,60.05230467473031,3059
3,200,20,80,10,7,-27.788178149399677,-47.93797758641617,58.67595818815331,1435
3,200,20,80,10,10,-6.09843641719976,-43.96831545364027,58.96139705882353,2176
3,200,20,80,10,15,-30.30056319154979,-49.38455307627414,57.66129032258065,3224
3,200,20,80,20,7,-32.53025666799989,-43.01190278422699,61.21707538601272,1101
3,200,20,80,20,10,3.74897013520028,-43.571239850543414,60.7696726019529,1741
3,200,20,80,20,15,-22.26449832409979,-47.39471171537733,59.84138428262437,2774
3,200,20,80,30,7,-33.26962964124981,-43.558845137904754,60.71794871794872,975
3,200,20,80,30,10,-4.935703720349882,-43.578728820014064,61.05527638190955,1592
3,200,20,80,30,15,-17.267840076899756,-42.07454713275781,60.28528528528528,2664
3,200,25,70,10,7,-22.39266607504973,-43.154688204806895,59.74289580514208,1478
3,200,25,70,10,10,-13.121623026649697,-48.61190219695527,60.51038062283737,2312
3,200,25,70,10,15,-33.66733408579978,-52.514297910141586,59.31932996543472,3761
3,200,25,70,20,7,-23.228416939249776,-41.14451518683107,60.41347626339969,1306
3,200,25,70,20,10,-28.825882778899725,-49.88893186665763,60.333935018050546,2216
3,200,25,70,20,15,-31.18591161259977,-50.31990118458604,60.140886410331674,3407
3,200,25,70,30,7,-14.938506962149756,-37.49776950731715,60.77220077220077,1295
3,200,25,70,30,10,-12.493621501099717,-44.38305821194788,60.742574257425744,2020
3,200,25,70,30,15,-15.42598514869975,-44.92399711888784,60.62554808535516,3421
3,200,25,75,10,7,-5.446979617899705,-43.057762255242565,59.94152046783626,1368
3,200,25,75,10,10,-19.734399483299782,-50.28640994980158,59.41693660342434,2161
3,200,25,75,10,15,-27.340529144849736,-45.122771864459025,58.52490421455939,3132
3,200,25,75,20,7,-9.991899526099846,-41.665750692525364,61.34020618556701,1164
3,200,25,75,20,10,-19.59798514949973,-49.01519036505619,60.29016657710908,1861
3,200,25,75,20,15,-30.585649901199762,-45.680587405090805,59.96137753459929,3107
3,200,25,75,30,7,10.142663155500253,-35.788261274314394,61.744386873920554,1158
3,200,25,75,30,10,-7.842988483349722,-48.80731410714971,60.50516647531573,1742
3,200,25,75,30,15,-24.128898776949693,-42.003891626036776,60.2280348759222,2982
3,200,25,80,10,7,-27.19611506079972,-50.41470936930559,58.93719806763285,1449
3,200,25,80,10,10,-1.5462012249997548,-45.66010566759102,59.31274900398407,2008
3,200,25,80,10,15,-24.229082893549545,-46.601309519232906,57.881382810022195,3153
3,200,25,80,20,7,-24.97593300004981,-43.04537358700225,60.91234347048301,1118
3,200,25,80,20,10,0.3380995937502185,-41.197157035421256,61.10068792995622,1599
3,200,25,80,20,15,-18.315665818349704,-44.68409950102441,59.51237532323606,2707
3,200,25,80,30,7,-31.715990544299842,-45.743166169427916,60.63072227873856,983
3,200,25,80,30,10,-3.659813480349705,-43.095574303147814,61.42759094028827,1457
3,200,25,80,30,15,-4.458799503149868,-42.79283606574849,60.13224426293271,2571
3,200,30,70,10,7,-23.89605350414974,-44.19374507276844,59.02079141515762,1491
3,200,30,70,10,10,-14.70300112289964,-49.66178555709075,60.27164685908319,2356
3,200,30,70,10,15,-40.14334371674968,-52.11444356499187,59.06371911573473,3845
3,200,30,70,20,7,-14.418630326649795,-40.22588682809709,60.15094339622642,1325
3,200,30,70,20,10,-24.80685596409965,-49.62883773765919,60.372219700408536,2203
3,200,30,70,20,15,-34.22205464154965,-52.10528091494585,59.84804208065459,3422
3,200,30,70,30,7,-8.968920536449742,-37.08979465299832,60.520275439938786,1307
3,200,30,70,30,10,-11.229407675849611,-45.17574164907966,61.016949152542374,2065
3,200,30,70,30,15,-27.171143144799647,-47.11213632063661,59.982409850483734,3411
3,200,30,75,10,7,-4.449733325099614,-45.34232801463665,59.98547567175018,1377
3,200,30,75,10,10,-24.080657470099887,-50.75645293332202,59.71189591078067,2152
3,200,30,75,10,15,-37.97985647784981,-49.84213952598887,58.68475375995281,3391
3,200,30,75,20,7,-16.623897320449764,-39.55304256501232,60.97770154373928,1166
3,200,30,75,20,10,-4.649951516749862,-46.0984037130977,60.44657097288676,1881
3,200,30,75,20,15,-25.426852039999858,-43.16119322472751,60.0,3155
3,200,30,75,30,7,7.312042998800217,-33.447496857202395,61.36560069144339,1157
3,200,30,75,30,10,-7.0367642072496235,-45.34660739624699,60.63890473474044,1753
3,200,30,75,30,15,-23.45400474594982,-40.15357785099011,60.225389459728206,3017
3,200,30,80,10,7,-6.335783903699676,-41.45779429560846,58.97959183673469,1470
3,200,30,80,10,10,-1.101064657999662,-40.95846900291723,59.01960784313726,2040
3,200,30,80,10,15,-27.615822216349763,-47.592680515481156,57.9382074028755,3269
3,200,30,80,20,7,-13.301568910749761,-38.7577231135422,61.39575971731449,1132
3,200,30,80,20,10,-0.5595629692498494,-38.61015454742379,60.98014888337468,1612
3,200,30,80,20,15,-22.93769965819976,-44.826618510362856,59.62223806129722,2806
3,200,30,80,30,7,-22.980364737099823,-42.54717133823635,61.14457831325302,996
3,200,30,80,30,10,-8.012481159349816,-41.74760747807848,60.71184120465435,1461
3,200,30,80,30,15,-7.979782662999768,-39.40735329585363,60.12777151446824,2661
4,100,20,70,10,7,7.8181304459501,-45.62278380682493,55.144032921810705,972
4,100,20,70,10,10,-8.657638342049733,-43.54334173413458,55.9805707346691,1647
4,100,20,70,10,15,-30.801789548899873,-49.15560043727339,56.270810210876796,2703
4,100,20,70,20,7,3.7325847009501034,-42.96484799604286,58.75875875875876,999
4,100,20,70,20,10,-11.211877705199703,-40.96430493356282,57.152361942781106,1503
4,100,20,70,20,15,4.462183729200264,-41.26491791153576,58.50258861011549,2511
4,100,20,70,30,7,-21.353013762199847,-56.47398579393038,58.10205908683975,1117
4,100,20,70,30,10,-16.9663679879999,-41.36337898276269,56.591865357643755,1426
4,100,20,70,30,15,22.96984530850019,-41.894971465228416,59.2031182330013,2309
4,100,20,75,10,7,-35.39769232364984,-66.67656308633006,54.961832061068705,1441
4,100,20,75,10,10,-18.612484330449785,-53.73652588430436,55.31542056074766,1712
4,100,20,75,10,15,-23.408710665799816,-49.30603148570047,55.23772709702358,2587
4,100,20,75,20,7,-11.099446847649919,-52.254618188063304,58.34146341463414,1025
4,100,20,75,20,10,-3.4229158844498286,-47.53015765236603,57.909604519774014,1416
4,100,20,75,20,15,-8.059997427249787,-44.51672139973512,57.7397910731244,2106
4,100,20,75,30,7,1.9492288870501806,-44.70717124939501,58.16777041942605,906
4,100,20,75,30,10,3.7515734349501617,-47.125915747885074,57.369814651368046,1133
4,100,20,75,30,15,4.8099853815001925,-45.433193491654,58.25039287585123,1909
4,100,20,80,10,7,2.646828431300152,-44.32840303069685,52.902519167579406,913
4,100,20,80,10,10,-12.743122903449889,-42.76434502312682,52.74725274725275,1456
4,100,20,80,10,15,-2.2032854367498134,-40.37389234259407,53.38941118258288,2021
4,100,20,80,20,7,21.954192623400104,-27.080842031588915,56.87919463087249,596
4,100,20,80,20,10,11.526726585700132,-34.7843842118067,57.18283582089553,1072
4,100,20,80,20,15,21.259339276250145,-32.14252849848903,56.15183246073299,1528
4,100,20,80,30,7,1.93809225575019,-39.96626987312991,57.45257452574526,738
4,100,20,80,30,10,40.405539156900126,-32.702625309468495,57.306590257879655,1047
4,100,20,80,30,15,18.980580103050148,-29.41538575631199,56.92530819434373,1379
4,100,25,70,10,7,-4.598486456649898,-44.60148499484992,57.155172413793096,1160
4,100,25,70,10,10,-18.99786692474976,-46.88086019239309,55.542382928275046,1687
4,100,25,70,10,15,-34.23295220564982,-52.06520869037556,55.749805749805745,2574
4,100,25,70,20,7,8.402980796250192,-36.578350764199975,58.61690450054885,911
4,100,25,70,20,10,-1.3419371144497982,-35.70546817249649,58.75179340028694,1394
4,100,25,70,20,15,-18.782895179199876,-45.71406146588644,57.85616124599176,2183
4,100,25,70,30,7,2.9876968783001168,-36.001418813149904,58.16917728852838,863
4,100,25,70,30,10,0.7768644483002518,-35.67759615331434,58.19548872180451,1330
4,100,25,70,30,15,-15.72183884654984,-43.41832565534553,58.57544517338332,2134
4,100,25,75,10,7,-37.033626944499765,-62.629029620903275,56.1764705882353,1360
4,100,25,75,10,10,-33.54282003184984,-57.39132185289987,55.45189504373178,1715
4,100,25,75,10,15,-21.861436830549806,-50.768629772299875,54.803578374173476,2571
4,100,25,75,20,7,0.4780759615001351,-41.7138101054499,59.09580193756727,929
4,100,25,75,20,10,-13.369310807849821,-51.613911278499934,58.440677966101696,1475
4,100,25,75,20,15,-25.16232410184984,-48.777666557849905,57.793427230046944,2130
4,100,25,75,30,7,3.3383574729000998,-37.313160771999904,59.36739659367397,822
4,100,25,75,30,10,-3.043494264799873,-44.52609255799991,59.01140684410646,1315
4,100,25,75,30,15,-5.770342182549959,-43.97669706779999,58.126293995859214,1932
4,100,25,80,10,7,-14.015430362899927,-42.08225207939586,52.38095238095239,819
4,100,25,80,10,10,-5.079390761449787,-39.85280572911761,53.025374105400125,1537
4,100,25,80,10,15,-8.67249375229987,-40.2846643992868,53.36194563662375,2097
4,100,25,80,20,7,15.28942313320012,-34.339088274549965,58.23754789272031,783
4,100,25,80,20,10,-0.461936200849844,-31.7860809511499,56.85740236148955,1101
4,100,25,80,20,15,-21.784415483299902,-44.51220514939995,55.78635014836796,1685
4,100,25,80,30,7,13.977466892750146,-34.93516136624996,57.7639751552795,644
4,100,25,80,30,10,20.807938319650088,-38.652968295271656,58.35748792270531,1035
4,100,25,80,30,15,19.066052319500205,-28.788162561979625,58.15011372251706,1319
4,100,30,70,10,7,-22.22050546624994,-49.933292950976025,56.38389031705226,1167
4,100,30,70,10,10,-23.421591473749803,-46.77705932558998,55.542590431738624,1714
4,100,30,70,10,15,-37.17042792154982,-53.01296657842378,55.198776758409785,2616
4,100,30,70,20,7,7.925469112900152,-37.080659223067244,57.65864332603938,914
4,100,30,70,20,10,-15.446139159549755,-40.99307722041502,57.92857142857143,1400
4,100,30,70,20,15,-19.482896615349798,-44.78614502974097,57.91522491349481,2312
4,100,30,70,30,7,25.37955954745028,-33.17692903030761,58.21917808219178,876
4,100,30,70,30,10,-10.132420859599856,-38.31313089126628,57.33532934131736,1336
4,100,30,70,30,15,-19.6482813821498,-41.17929333873771,57.43718592964824,1990
4,100,30,75,10,7,-33.646008049699795,-62.88805681416837,54.63917525773196,1261
4,100,30,75,10,10,-31.62733878254982,-55.78162711454351,55.12223515715948,1718
4,100,30,75,10,15,-17.79923508674983,-46.89791072146012,55.55555555555556,2421
4,100,30,75,20,7,-28.52415246859996,-48.320474884350176,57.70491803278689,915
4,100,30,75,20,10,-17.779068844599877,-48.1149204316068,57.472924187725624,1385
4,100,30,75,20,15,-24.298918488249864,-48.9496695015049,57.31515469323545,1907
4,100,30,75,30,7,-5.877792850299823,-40.068216166532444,59.14110429447853,815
4,100,30,75,30,10,-5.846660557999894,-45.39281590120846,59.02555910543131,1252
4,100,30,75,30,15,-10.40067318564989,-46.03662186412623,57.27224294086308,1877
4,100,30,80,10,7,-32.465799228899925,-48.216225910618284,51.48741418764302,874
4,100,30,80,10,10,-10.259101244199831,-42.71007941255171,52.00333889816361,1198
4,100,30,80,10,15,-24.879951288199788,-44.443947038925494,52.88673424416043,2269
4,100,30,80,20,7,8.568311105050096,-39.21075230397204,57.360406091370564,788
4,100,30,80,20,10,9.481382387650017,-34.17720473888849,57.098765432098766,972
4,100,30,80,20,15,-26.384322391899918,-43.973532587121824,55.31073446327683,1770
4,100,30,80,30,7,32.56284843670023,-37.00604068042054,58.37173579109063,651
4,100,30,80,30,10,38.71049092105019,-30.979236555521076,58.75598086124402,1045
4,100,30,80,30,15,2.522845290200171,-32.173704589632294,57.263157894736835,1425
4,150,20,70,10,7,-27.362013297099963,-51.80740713896949,56.98324022346368,1074
4,150,20,70,10,10,14.103991964050211,-35.37592270437915,57.83298826777088,1449
4,150,20,70,10,15,-25.33130147849979,-48.88575002008558,56.87943262411348,2820
4,150,20,70,20,7,51.2424876328502,-40.77163166750312,61.164021164021165,945
4,150,20,70,20,10,10.599261227700074,-39.192162161640596,59.22865013774105,1452
4,150,20,70,20,15,4.535568178000116,-43.35914547344123,59.12353607857952,2647
4,150,20,70,30,7,43.27089681730021,-37.12506309163476,61.23348017621145,908
4,150,20,70,30,10,6.181794475750202,-36.174811024313094,59.80042765502495,1403
4,150,20,70,30,15,-5.708783890299829,-44.560050009022405,59.055118110236215,2540
4,150,20,75,10,7,6.719328426250137,-43.856157722800305,55.94405594405595,1144
4,150,20,75,10,10,-10.325736196049762,-43.87789172782491,56.274620146314014,1777
4,150,20,75,10,15,-14.486461000799755,-43.07650399364096,56.11396913335972,2527
4,150,20,75,20,7,47.895604833250125,-46.345184607665566,59.42432683379758,1077
4,150,20,75,20,10,30.13456683465019,-43.854176915060094,58.2382762991128,1578
4,150,20,75,20,15,-0.951445611949775,-42.41343300837831,58.17245817245818,2331
4,150,20,75,30,7,33.34826370280015,-41.61024761561031,59.2737978410206,1019
4,150,20,75,30,10,13.827130027950219,-42.6620993986654,58.07365439093485,1412
4,150,20,75,30,15,7.515674174150133,-42.869496812692745,58.83204633204633,2072
4,150,20,80,10,7,6.7664222658501805,-43.775841747697186,54.096989966555185,1196
4,150,20,80,10,10,6.816049497100196,-35.7120980322687,54.26039536468984,1467
4,150,20,80,10,15,-10.58312728589974,-45.75189153396127,53.56846473029046,2410
4,150,20,80,20,7,28.01193067920016,-51.882665324727824,58.38150289017341,865
4,150,20,80,20,10,35.56913064890026,-41.67286962108279,57.76223776223777,1430
4,150,20,80,20,15,21.294843920600147,-40.16306056114495,57.59268664296597,1969
4,150,20,80,30,7,49.24676500200016,-40.97616340194296,60.391198044009776,818
4,150,20,80,30,10,44.76053259660018,-36.26440704425477,59.34897804693414,1321
4,150,20,80,30,15,49.11614703375034,-33.539374088964415,59.07553551296505,1774
4,150,25,70,10,7,0.833748095700293,-50.421975913273656,57.68282662284305,1217
4,150,25,70,10,10,-3.503757859499812,-43.359166898214,58.060453400503775,1588
4,150,25,70,10,15,-20.005314049399825,-47.1254516876256,56.760886172650885,2618
4,150,25,70,20,7,64.56059812845018,-36.71566284831823,60.467380720545286,1027
4,150,25,70,20,10,10.871303745450067,-34.38839201251939,60.15680684248041,1403
4,150,25,70,20,15,1.6910471670001925,-37.4050815036395,59.30434782608695,2300
4,150,25,70,30,7,72.7463729550501,-36.89794275166769,60.93117408906883,988
4,150,25,70,30,10,17.750947503850114,-35.69948769884601,60.16320474777448,1348
4,150,25,70,30,15,14.922766553250334,-33.58432084052975,59.56112852664577,2233
4,150,25,75,10,7,22.470335616050164,-44.46342561127214,56.59494855004677,1069
4,150,25,75,10,10,-1.394790399749879,-46.11798075905456,56.424936386768444,1572
4,150,25,75,10,15,-22.751164938949753,-46.9604991540437,56.0639070442992,2754
4,150,25,75,20,7,54.409063802000254,-32.02863419909697,59.756097560975604,902
4,150,25,75,20,10,6.541115240150197,-38.676078602269214,58.32687838884586,1291
4,150,25,75,20,15,0.8020860332502266,-38.1814596370106,57.80609922621757,2197
4,150,25,75,30,7,15.911439625950162,-32.38012335923445,58.95953757225434,865
4,150,25,75,30,10,7.019546231450113,-30.754301218143105,58.2905982905983,1170
4,150,25,75,30,15,18.561978266750213,-34.6099357442169,58.97817460317461,2016
4,150,25,80,10,7,-18.97725725064984,-38.21766661006279,54.340836012861736,933
4,150,25,80,10,10,-18.32680829379979,-45.87724709819977,53.455928979074194,1577
4,150,25,80,10,15,-1.505496992249844,-37.92807820621067,53.65961199294532,2268
4,150,25,80,20,7,39.180467416800255,-41.347849779466,59.473684210526315,950
4,150,25,80,20,10,12.603512256300121,-40.82890733655282,57.80433159073935,1339
4,150,25,80,20,15,-3.29778906679985,-42.453626096349225,57.04399406821552,2023
4,150,25,80,30,7,41.816507908050184,-35.49735937905968,60.75949367088608,869
4,150,25,80,30,10,60.95152666305026,-28.690132492649738,60.832625318606624,1177
4,150,25,80,30,15,24.444634532900178,-34.91596938368656,58.333333333333336,1812
4,150,30,70,10,7,-2.2640033416999272,-43.584631848051515,56.845753899480066,1154
4,150,30,70,10,10,-3.6149688099498145,-40.00395670538601,57.364822871348665,1609
4,150,30,70,10,15,-34.53324821639975,-51.038969777104015,56.186470382053976,2853
4,150,30,70,20,7,25.581130713650158,-35.53621586299104,59.16030534351145,1048
4,150,30,70,20,10,-5.660939095499817,-35.0970598949145,58.86167146974063,1388
4,150,30,70,20,15,-18.359276326899764,-41.954196704467435,58.31542758917061,2327
4,150,30,70,30,7,37.44735313540015,-35.40246989498127,59.64391691394659,1011
4,150,30,70,30,10,-0.573169022699882,-35.92517314716107,59.19250180245134,1387
4,150,30,70,30,15,-8.70762232534985,-36.67131425942479,58.629893238434164,2248
4,150,30,75,10,7,14.32807914570018,-43.48940932753112,56.89368770764119,1204
4,150,30,75,10,10,-9.535787236699845,-46.35157176760585,56.3347083087802,1697
4,150,30,75,10,15,-27.20405424549974,-48.09841217128601,55.889057750759875,2632
4,150,30,75,20,7,40.3434123974002,-31.3471660131304,58.88888888888889,900
4,150,30,75,20,10,22.771513908900197,-31.8510430821951,57.473035439137135,1298
4,150,30,75,20,15,-2.8286426662498143,-41.31079190566129,57.3170731707317,2214
4,150,30,75,30,7,40.21057969310014,-30.68124502077313,58.62857142857143,875
4,150,30,75,30,10,15.717509484500148,-30.193435892423842,58.13008130081301,1230
4,150,30,75,30,15,6.5394606627001695,-35.38949632137085,58.630806845965765,2045
4,150,30,80,10,7,-19.260057945999833,-38.772556690976465,54.36308926780341,997
4,150,30,80,10,10,-19.06894287414986,-48.36137941648795,53.35797905113987,1623
4,150,30,80,10,15,-17.107126695549844,-45.09027919448253,53.45496894409938,2576
4,150,30,80,20,7,78.27416897020032,-37.99356829728536,59.43396226415094,954
4,150,30,80,20,10,29.22121208020023,-35.68659010845946,57.32574679943101,1406
4,150,30,80,20,15,-16.965388325549892,-48.332557820444535,56.52797704447633,2091
4,150,30,80,30,7,76.76886196280014,-29.26994784590105,61.32858837485172,843
4,150,30,80,30,10,55.70384122335028,-27.216286689722217,60.557432432432435,1184
4,150,30,80,30,15,4.277474206600118,-43.074040631981894,57.59240759240759,2002
4,200,20,70,10,7,-15.169044388899799,-47.63996628984617,56.169568508705524,1321
4,200,20,70,10,10,-10.246320553249788,-43.514597883668024,57.317670093000494,2043
4,200,20,70,10,15,-46.0432646540497,-56.34625874249464,55.93373493975904,3320
4,200,20,70,20,7,3.682308690500191,-33.25898673819833,57.18283582089553,1072
4,200,20,70,20,10,-0.44335250994971265,-32.231003015533794,58.19314641744548,1605
4,200,20,70,20,15,-11.022989482399792,-42.0600741624817,58.44298245614035,2736
4,200,20,70,30,7,-4.043644455899864,-36.3707784639881,57.446808510638306,1034
4,200,20,70,30,10,-4.541169988899796,-33.59835578635714,58.73944119558154,1539
4,200,20,70,30,15,-22.402566456599683,-41.21809907907251,58.35755813953488,2752
4,200,20,75,10,7,-8.057826538799805,-47.591730861711056,56.27503337783711,1498
4,200,20,75,10,10,-24.008496419549775,-51.856372929903074,55.367231638418076,2124
4,200,20,75,10,15,-43.203287391249845,-54.69724867860937,54.975473020322355,2854
4,200,20,75,20,7,28.281366677200136,-42.02655021842387,57.66215253029223,1403
4,200,20,75,20,10,36.013118478700214,-40.7877571700307,58.46403461330449,1849
4,200,20,75,20,15,2.1363932978501587,-40.362703687838525,58.36609873307121,2289
4,200,20,75,30,7,19.720336516500183,-46.23123970475493,57.865168539325836,1246
4,200,20,75,30,10,18.275351112150105,-44.52185843055777,58.415841584158414,1616
4,200,20,75,30,15,-1.1100234871498804,-39.86104223605564,58.89199255121043,2148
4,200,20,80,10,7,-11.902387104849875,-49.89128529721491,53.26747720364742,1316
4,200,20,80,10,10,-12.59381816884979,-48.20192104619738,52.90215588723052,1809
4,200,20,80,10,15,-23.865564690099795,-53.24421913681391,53.11673592746505,2647
4,200,20,80,20,7,23.155737816550182,-45.58467336240993,57.97733217088056,1147
4,200,20,80,20,10,35.182864116700244,-38.05817838200321,57.990012484394505,1602
4,200,20,80,20,15,10.527228441650237,-44.48919481188645,57.23830734966593,2245
4,200,20,80,30,7,48.790931180200104,-35.584752110968445,59.32721712538226,981
4,200,20,80,30,10,40.77638869485018,-32.03317980653391,58.58123569794051,1311
4,200,20,80,30,15,14.778622071150128,-38.476291916078026,57.99238820171265,2102
4,200,25,70,10,7,-21.61618230299982,-47.10866634889987,56.89981096408317,1058
4,200,25,70,10,10,-10.381807365149765,-42.59784199244987,57.58157389635316,2084
4,200,25,70,10,15,-34.20836236069975,-49.400325039421176,56.24413145539906,3195
4,200,25,70,20,7,0.780302088200191,-37.56535013744996,57.378740970072236,969
4,200,25,70,20,10,-7.558272126399812,-36.97402356534633,58.56966707768188,1622
4,200,25,70,20,15,-17.83923426754983,-40.80801410787247,58.323632130384176,2577
4,200,25,70,30,7,4.7043346634502825,-37.381041986849915,58.2089552238806,938
4,200,25,70,30,10,-5.428421960399787,-33.79929517064996,58.656330749354005,1548
4,200,25,70,30,15,-10.736564865299824,-36.20711757058024,58.3843797856049,2612
4,200,25,75,10,7,-19.912238108649817,-49.18035689249981,55.536332179930795,1156
4,200,25,75,10,10,-4.417510723399731,-40.4616800726998,56.70261941448382,1947
4,200,25,75,10,15,-43.13608165124986,-53.034829918714145,55.09306260575296,2955
4,200,25,75,20,7,16.285552434750162,-36.680897334446136,57.01275045537341,1098
4,200,25,75,20,10,30.241073392000217,-38.33252875401608,58.56733524355301,1745
4,200,25,75,20,15,7.377192076450156,-39.72217678739227,58.40480274442539,2332
4,200,25,75,30,7,11.295191593750186,-36.31765489774998,56.69781931464174,963
4,200,25,75,30,10,14.639891719650254,-36.47907430543065,58.5147247119078,1562
4,200,25,75,30,15,-3.111295147099813,-37.807772338855365,58.855585831062676,2202
4,200,25,80,10,7,-23.26822292109989,-47.23458574694992,53.283302063789876,1066
4,200,25,80,10,10,-11.85822808494984,-35.18467035434996,53.510436432637576,1581
4,200,25,80,10,15,-32.67244196159987,-51.91619956016841,52.52525252525253,2475
4,200,25,80,20,7,15.04717590780016,-37.96648213459992,56.99421965317919,865
4,200,25,80,20,10,35.60798751550016,-34.45968238579992,58.51301115241636,1345
4,200,25,80,20,15,-9.400304346899835,-42.02821004802725,56.64403491755577,2062
4,200,25,80,30,7,1.971276997250171,-29.593643949581903,58.02781289506953,791
4,200,25,80,30,10,10.610416011150159,-28.587285185899987,58.00711743772242,1124
4,200,25,80,30,15,-2.5617162234999213,-33.6736949559222,57.768286171916714,1873
4,200,30,70,10,7,-21.307356996349803,-38.87486073274092,56.954887218045116,1064
4,200,30,70,10,10,-26.23593181619973,-49.8801144052237,57.31939163498099,2104
4,200,30,70,10,15,-46.121652707299745,-54.40635672788182,55.901588290252256,3211
4,200,30,70,20,7,-5.32175833639984,-39.736469108433425,57.21596724667349,977
4,200,30,70,20,10,-6.422398545949726,-37.45730734788015,58.723404255319146,1645
4,200,30,70,20,15,-14.751760115249802,-37.37839569457119,58.33965125094769,2638
4,200,30,70,30,7,-8.428324251599816,-39.92112386745963,57.86694825765576,947
4,200,30,70,30,10,-7.798049438599797,-36.58031553666892,58.75238701464036,1571
4,200,30,70,30,15,-13.75707418599963,-36.28009619713659,58.358320839580216,2668
4,200,30,75,10,7,-21.820321467599825,-43.957888666661034,55.1410373066424,1099
4,200,30,75,10,10,-10.407806125399743,-41.77621872370155,56.94795351187468,1979
4,200,30,75,10,15,-34.93387447564981,-46.739800334801615,55.671588044652495,2777
4,200,30,75,20,7,4.674177386800205,-43.331031466053645,57.61947700631199,1109
4,200,30,75,20,10,13.288053448600223,-41.5529945943989,58.262350936967636,1761
4,200,30,75,20,15,-12.538547153899838,-40.98650391346585,57.87992495309568,2132
4,200,30,75,30,7,19.15416836740016,-36.4456429650741,57.43380855397149,982
4,200,30,75,30,10,7.227948755200275,-35.89076309658781,58.317520556609736,1581
4,200,30,75,30,15,-4.5880518968498984,-33.63901375062853,58.658115441539216,2027
4,200,30,80,10,7,-37.762613521549916,-44.42335588725757,53.79609544468546,922
4,200,30,80,10,10,-8.857798879349765,-34.74071036587316,54.347826086956516,1610
4,200,30,80,10,15,-34.09260228789983,-51.920006874225365,53.34352311807413,2617
4,200,30,80,20,7,18.446207019900164,-38.040144951534394,56.849315068493155,876
4,200,30,80,20,10,8.70706233135019,-37.40159168399947,58.11209439528023,1356
4,200,30,80,20,15,-22.794112375749886,-48.30436510363319,56.8535091851154,2123
4,200,30,80,30,7,-14.481956416399811,-38.38142947823079,58.076448828606665,811
4,200,30,80,30,10,2.3470571484502045,-28.770277691659302,58.26161790017211,1162
4,200,30,80,30,15,-5.746979746149872,-32.86018363859635,57.71117166212534,1835
5,100,20,70,10,7,-11.7881912746999,-45.29247989246519,50.80862533692723,742
5,100,20,70,10,10,-33.92227861524994,-52.23346341858753,51.57977883096366,1266
5,100,20,70,10,15,-21.278865414799895,-43.14276344404325,53.00751879699248,2128
5,100,20,70,20,7,26.923261275350118,-35.277532143250404,57.925072046109506,694
5,100,20,70,20,10,-13.539127776549876,-42.40217835362344,58.50043591979076,1147
5,100,20,70,20,15,-7.581298236599821,-44.159746954738736,57.28214503351615,1641
5,100,20,70,30,7,10.197029853100116,-29.817163147203914,58.89464594127807,579
5,100,20,70,30,10,1.653761576250079,-38.17276273654213,58.27186512118019,949
5,100,20,70,30,15,-1.251244704799881,-41.963441798856856,57.75169857936998,1619
5,100,20,75,10,7,-14.958777784849907,-45.3082297652553,48.631239935587764,621
5,100,20,75,10,10,-29.434955410349893,-42.60977192204842,49.184441656210794,797
5,100,20,75,10,15,-16.583390813549816,-41.822907983013465,50.35422343324251,1835
5,100,20,75,20,7,-15.765673771499888,-44.967441114208306,56.21019108280255,628
5,100,20,75,20,10,-25.194103516749877,-46.38319061773708,55.888429752066116,968
5,100,20,75,20,15,-25.075170602099938,-51.41797716812809,56.127770534550194,1534
5,100,20,75,30,7,15.036394469750093,-34.57961249492636,56.699029126213595,515
5,100,20,75,30,10,5.895433106750092,-30.842597388567388,56.4673157162726,719
5,100,20,75,30,15,-2.030984164199845,-34.781173681718286,57.08661417322835,1270
5,100,20,80,10,7,-34.00808254264989,-54.76601447318126,46.321525885558586,734
5,100,20,80,10,10,-38.75907817239994,-51.6382759172376,47.83377541998232,1131
5,100,20,80,10,15,4.8643827868500855,-36.58856599887035,49.85180794309425,1687
5,100,20,80,20,7,19.791278730200055,-34.407728616058385,55.55555555555556,450
5,100,20,80,20,10,1.9835196659000909,-43.1715515995172,56.63390663390664,814
5,100,20,80,20,15,-8.501709169949855,-45.629999122554246,55.68513119533528,1372
5,100,20,80,30,7,29.91606605745012,-29.826011145015947,56.355932203389834,472
5,100,20,80,30,10,-5.9860837512498595,-33.83567075055364,56.18374558303887,849
5,100,20,80,30,15,-16.947903690899878,-33.560891352668634,54.58333333333333,1200
5,100,25,70,10,7,-26.021953543449882,-49.700951006382375,51.01351351351351,888
5,100,25,70,10,10,-14.364696276299927,-42.053846066439036,49.915682967959526,1186
5,100,25,70,10,15,-36.52846594309989,-49.992111247949886,52.61060183339976,2509
5,100,25,70,20,7,-20.97673063189983,-48.44936972439987,57.35294117647059,816
5,100,25,70,20,10,-28.700148759999845,-44.21606348874768,57.85512699905927,1063
5,100,25,70,20,15,-12.868423983749832,-43.72519272364987,57.65509391007399,1757
5,100,25,70,30,7,-9.692837024149892,-40.919692072449955,58.03722504230119,591
5,100,25,70,30,10,2.8971997233002034,-36.96367580469418,58.5792349726776,915
5,100,25,70,30,15,-10.117790880799937,-43.82856080889292,57.953216374269005,1710
5,100,25,75,10,7,-4.599151151899894,-40.961215139899956,47.45454545454545,550
5,100,25,75,10,10,-10.368485446499864,-38.45297749024998,48.46311475409836,976
5,100,25,75,10,15,-32.69581119014987,-46.69926964359992,49.42240080361627,1991
5,100,25,75,20,7,-10.420323932849918,-44.84996185424993,56.22119815668203,651
5,100,25,75,20,10,4.943664640150081,-30.556098234699963,57.192174913693904,869
5,100,25,75,20,15,-12.915052650049885,-42.545733216199885,55.9915907498248,1427
5,100,25,75,30,7,3.5821774984000854,-36.99975702024994,57.25190839694656,524
5,100,25,75,30,10,7.082626621650112,-29.675893468184306,57.20108695652174,736
5,100,25,75,30,15,7.141866484500148,-32.875864752649946,57.24431818181818,1408
5,100,25,80,10,7,-31.72108623564993,-51.783382919049934,48.04597701149425,870
5,100,25,80,10,10,2.03629232590008,-41.90933976735,48.39596700274977,1091
5,100,25,80,10,15,-3.5046807611998743,-38.89436822914754,48.627450980392155,1785
5,100,25,80,20,7,-13.813146154649946,-43.07777142694998,55.90200445434298,449
5,100,25,80,20,10,7.386640810750134,-30.669319008984026,56.26598465473146,782
5,100,25,80,20,15,-8.406210469299879,-42.61764460949992,54.337899543378995,1314
5,100,25,80,30,7,0.18030475645005595,-37.99405422424997,55.84158415841585,505
5,100,25,80,30,10,-2.152584216099951,-30.873402101999968,54.800590841949784,677
5,100,25,80,30,15,0.055359263350140964,-30.98342902042086,54.70297029702971,1212
5,100,30,70,10,7,-17.23972929679991,-48.076194195999946,48.142414860681114,646
5,100,30,70,10,10,-14.306147829199778,-38.2850283208282,51.653261840929396,1119
5,100,30,70,10,15,-35.10551498244989,-48.93417561734841,52.21723966118586,2007
5,100,30,70,20,7,-16.00474173024985,-45.110564781749886,58.38751625487646,769
5,100,30,70,20,10,-10.589038895549873,-37.02619178808579,58.297413793103445,928
5,100,30,70,20,15,6.320422691600203,-34.54775114878482,57.995881949210705,1457
5,100,30,70,30,7,7.12102449615013,-37.82264308049994,59.27209705372617,577
5,100,30,70,30,10,19.02587721170015,-29.922221167255593,60.280373831775705,856
5,100,30,70,30,15,3.433480778750142,-36.41460465495796,58.186929023190444,1423
5,100,30,75,10,7,-24.30425686834994,-46.99419003784995,47.096774193548384,620
5,100,30,75,10,10,-11.782982869449976,-36.13473914099999,48.76288659793814,970
5,100,30,75,10,15,-16.267407998949867,-40.765411475949875,50.160771704180064,1866
5,100,30,75,20,7,-18.440189864149957,-43.84638492609998,55.03731343283582,536
5,100,30,75,20,10,0.10330448860011998,-36.109190642899904,56.76567656765676,909
5,100,30,75,20,15,-13.842253203349863,-42.80401736089991,55.966127790608155,1299
5,100,30,75,30,7,3.6249517687001243,-33.432192135249934,57.78781038374717,443
5,100,30,75,30,10,-9.367099226999965,-34.08464277649597,56.53450807635829,681
5,100,30,75,30,15,3.0414041450001816,-28.800625369784647,56.23365300784655,1147
5,100,30,80,10,7,-11.21843952829985,-48.64908139649995,48.551564310544606,863
5,100,30,80,10,10,15.845686487150124,-37.98032235669994,49.73309608540925,1124
5,100,30,80,10,15,-5.523703306699801,-41.12869159254988,48.2967032967033,1820
5,100,30,80,20,7,-31.955371680599942,-49.70182862229995,53.96145610278372,467
5,100,30,80,20,10,5.944039565400083,-33.84517561202343,56.416772554002534,787
5,100,30,80,20,15,2.328582711900107,-38.07510452429993,54.50274079874706,1277
5,100,30,80,30,7,6.695450583900064,-41.07715824164994,54.05904059040591,542
5,100,30,80,30,10,23.58934500640011,-28.400722020910145,55.23672883787661,697
5,100,30,80,30,15,1.5387436420000622,-31.008465807025427,54.60750853242321,1172
5,150,20,70,10,7,-46.23616097914983,-56.50786036570382,53.649289099526065,1055
5,150,20,70,10,10,-28.68124413264982,-47.8035433598541,53.78398236590742,1361
5,150,20,70,10,15,-28.399478293549883,-46.98992486593659,54.051796157059314,2394
5,150,20,70,20,7,-39.3743702133999,-58.64258745609209,57.05996131528046,1034
5,150,20,70,20,10,-26.586118380199785,-44.782468433463194,58.051197357555736,1211
5,150,20,70,20,15,-17.79458931084985,-41.540883520452915,58.951738453554746,1927
5,150,20,70,30,7,-30.502156725499873,-42.34474253740671,57.53052917232022,737
5,150,20,70,30,10,-21.444625481599864,-32.185473316163055,59.3320235756385,1018
5,150,20,70,30,15,-10.47360103369993,-39.65595224660972,59.63248369887374,1687
5,150,20,75,10,7,-36.74929626304989,-48.09030031638078,48.924731182795696,744
5,150,20,75,10,10,-28.50988794149989,-40.438193640658945,50.204918032786885,976
5,150,20,75,10,15,-18.2615383164499,-37.05197491205175,51.890034364261176,2037
5,150,20,75,20,7,-25.657513829199896,-42.14191978053055,57.271364317841076,667
5,150,20,75,20,10,-36.2968952247499,-52.12819756691898,55.74712643678161,1044
5,150,20,75,20,15,-27.197573682949994,-51.684664915350155,56.68586052463211,1563
5,150,20,75,30,7,-21.753439734449877,-38.61526213098925,58.687943262411345,564
5,150,20,75,30,10,-14.858779938699884,-29.553455444738987,58.46153846153847,780
5,150,20,75,30,15,-17.843952796300023,-36.50628693838027,58.47826086956521,1380
5,150,20,80,10,7,-46.36195155679984,-54.679282783556616,46.92796610169492,944
5,150,20,80,10,10,-28.449325642749923,-45.12892472481662,48.56700232378002,1291
5,150,20,80,10,15,-33.533455716099894,-43.5956266500113,49.309462915601024,1955
5,150,20,80,20,7,-3.426810921299872,-39.52543149748628,56.0126582278481,632
5,150,20,80,20,10,2.1039610828501365,-44.14923417930123,55.4679802955665,1015
5,150,20,80,20,15,-17.842725993349895,-53.04953429729582,55.333333333333336,1650
5,150,20,80,30,7,-2.1203507793999266,-47.32044780524098,56.01577909270217,507
5,150,20,80,30,10,-5.830748395549912,-39.5916744054815,54.85636114911081,731
5,150,20,80,30,15,21.884582326350156,-34.37297845949458,57.210031347962385,1276
5,150,25,70,10,7,-43.57598087924992,-49.14905706659813,52.26130653266332,995
5,150,25,70,10,10,-36.40331788709988,-48.469059571956166,52.76828434723172,1463
5,150,25,70,10,15,-35.9986364994498,-46.19374729297964,53.980582524271846,2575
5,150,25,70,20,7,-24.41599913264978,-48.42233130164029,58.57275254865616,1079
5,150,25,70,20,10,-15.86293928434992,-39.904261288071545,58.531157270029674,1348
5,150,25,70,20,15,-17.51482219084991,-41.17701309083077,59.15759583530525,2113
5,150,25,70,30,7,-2.4308049647498775,-28.691922556262934,60.7085346215781,621
5,150,25,70,30,10,-21.387336749349807,-34.69044220552495,58.92514395393474,1042
5,150,25,70,30,15,-13.868192252499888,-40.26163039874018,58.907887479316045,1813
5,150,25,75,10,7,-29.716948181599857,-34.31635613707084,50.0,792
5,150,25,75,10,10,-24.2579217402499,-36.83557087494545,50.75503355704698,1192
5,150,25,75,10,15,-26.51045571594983,-37.63121193290752,51.27255900046275,2161
5,150,25,75,20,7,-29.406556861749934,-43.791314537655886,56.42540620384048,677
5,150,25,75,20,10,-15.699311740399946,-41.609120480176884,57.05196182396607,943
5,150,25,75,20,15,-33.22362451109987,-46.605602818292525,56.79233991621784,1671
5,150,25,75,30,7,-18.21211940209989,-33.89262025176558,59.930915371329874,579
5,150,25,75,30,10,-2.0310544034499056,-33.76327487433703,58.91959798994974,796
5,150,25,75,30,15,-13.465197705699872,-35.36697031012554,58.16254416961131,1415
5,150,25,80,10,7,-39.194505605549864,-40.282410735207414,47.832369942196536,692
5,150,25,80,10,10,-35.569524500399886,-41.862460781989306,47.38841405508072,1053
5,150,25,80,10,15,-28.39491405724983,-37.79286622413256,48.5740153915799,2209
5,150,25,80,20,7,35.04391337855011,-38.79544924011872,55.867768595041326,605
5,150,25,80,20,10,-5.076346265849907,-33.89445131528529,56.48379052369077,802
5,150,25,80,20,15,-1.7303654338499341,-36.22849696685831,56.10921501706485,1465
5,150,25,80,30,7,27.49726315050005,-36.2893144108087,57.756563245823386,419
5,150,25,80,30,10,2.030670012800062,-34.58956891716035,55.42521994134897,682
5,150,25,80,30,15,37.09949378485011,-27.133725724017214,57.94314381270903,1196
5,150,30,70,10,7,-51.33523825614983,-53.88682554124984,52.52747252747253,910
5,150,30,70,10,10,-22.885730823849915,-42.098504193809525,53.051317614424406,1442
5,150,30,70,10,15,-29.10571613549977,-47.19946047798058,53.94285714285715,2625
5,150,30,70,20,7,-32.65885340969995,-42.85047138010868,58.019525801952575,717
5,150,30,70,20,10,-9.068967417649876,-42.19776270641141,58.554216867469876,1245
5,150,30,70,20,15,-14.3918835406999,-32.89671948785579,58.588479501816295,1927
5,150,30,70,30,7,-19.4354508693,-29.176655692519216,58.1453634085213,399
5,150,30,70,30,10,-7.78385963059992,-29.419074729049292,59.675405742821475,801
5,150,30,70,30,15,-11.96998715664983,-31.155681636130026,58.767772511848335,1688
5,150,30,75,10,7,-39.60749591889993,-44.502993315849935,49.52267303102625,838
5,150,30,75,10,10,-17.10595244429983,-33.90461344400088,51.46443514644351,1195
5,150,30,75,10,15,-31.858275892849864,-39.759526732504554,51.18439386901997,2153
5,150,30,75,20,7,-17.665413429899935,-29.83308549694997,58.13008130081301,492
5,150,30,75,20,10,-21.728699533749896,-39.50152241904991,56.405163853028796,1007
5,150,30,75,20,15,-15.593200242299865,-33.5896712700407,56.77506775067751,1476
5,150,30,75,30,7,7.038567513100102,-32.518089073733115,58.448753462603875,361
5,150,30,75,30,10,-1.5262975932499145,-30.366829431030528,57.16312056737589,705
5,150,30,75,30,15,7.347802854850172,-26.57148587113322,57.98583792289536,1271
5,150,30,80,10,7,-21.493838322199878,-41.263715413203094,47.351524879614765,623
5,150,30,80,10,10,-39.1579693275499,-49.416585351391774,48.598130841121495,1284
5,150,30,80,10,15,-41.70384862409985,-51.75043015488193,48.23798627002288,2185
5,150,30,80,20,7,-1.4461736485999577,-41.835515707549966,56.55430711610487,534
5,150,30,80,20,10,8.854406210750065,-29.461732047749983,57.01149425287356,870
5,150,30,80,20,15,-0.13797511844989563,-38.289993913967116,55.34918276374443,1346
5,150,30,80,30,7,-1.612973407999907,-30.279150565263073,58.432304038004744,421
5,150,30,80,30,10,-6.47165239349996,-30.148482475399984,56.57051282051282,624
5,150,30,80,30,15,5.904698278800136,-26.519131318820172,57.93515358361775,1172
5,200,20,70,10,7,-50.37985629584987,-58.54327168006862,52.288072018004506,1333
5,200,20,70,10,10,-49.11294272374982,-55.28944649089526,53.498385360602796,1858
5,200,20,70,10,15,-49.112425848249885,-61.60226752052812,53.60026917900404,2972
5,200,20,70,20,7,-45.91270923404981,-60.76949254785173,56.434782608695656,1150
5,200,20,70,20,10,-36.2397195645999,-52.59935071550098,56.77290836653387,1506
5,200,20,70,20,15,-37.07132489754979,-54.434920945984366,58.026828212894856,2311
5,200,20,70,30,7,-40.5974068318499,-47.61608030917686,55.77142857142857,875
5,200,20,70,30,10,-24.406695896349852,-40.46477110517582,58.22393822393822,1295
5,200,20,70,30,15,-30.46766249469983,-49.953239868280015,58.19317635752043,2081
5,200,20,75,10,7,-59.496851189349954,-60.2488002070577,46.981627296587924,762
5,200,20,75,10,10,-42.498626232949874,-49.97342955901053,50.931232091690546,1396
5,200,20,75,10,15,-32.75201984429986,-48.32503818777291,51.3003355704698,2384
5,200,20,75,20,7,-40.450146002849905,-56.53171512136191,56.65083135391924,842
5,200,20,75,20,10,-27.6205485837999,-43.47234612049604,56.732495511669654,1114
5,200,20,75,20,15,-23.678897198099925,-47.71457550411113,57.92880258899677,1854
5,200,20,75,30,7,-44.71009657404995,-46.412255841495906,55.06692160611855,523
5,200,20,75,30,10,-30.06449426254988,-39.914883897876514,56.640625,1024
5,200,20,75,30,15,-15.015374330149921,-44.24577454630469,58.292682926829265,1640
5,200,20,80,10,7,-67.96724922809989,-68.42467097084092,46.25779625779626,962
5,200,20,80,10,10,-47.65582332339984,-57.03706618653928,49.625791594703514,1737
5,200,20,80,10,15,-33.257731968249935,-45.955711867610674,50.125,2400
5,200,20,80,20,7,-43.925621426549924,-50.42890557866602,56.11015490533563,581
5,200,20,80,20,10,-29.4138993336999,-52.6545460862416,55.24752475247525,1010
5,200,20,80,20,15,-19.285389075949865,-53.33960958448548,55.90459569517161,1719
5,200,20,80,30,7,-34.36967761529996,-40.92662035124196,57.00483091787439,414
5,200,20,80,30,10,-4.281337510849981,-31.95047130532419,56.34807417974322,701
5,200,20,80,30,15,-4.14407713534991,-39.26099705114437,56.94444444444444,1224
5,200,25,70,10,7,-55.67436812789989,-64.91078257588957,52.25424981522543,1353
5,200,25,70,10,10,-48.22781874249983,-55.3611335269211,52.291551628934286,1811
5,200,25,70,10,15,-48.88003453124985,-59.572148800938685,53.37883959044368,2930
5,200,25,70,20,7,-17.208412372749816,-50.83836254859817,57.96747967479675,1230
5,200,25,70,20,10,-24.05707321529983,-48.713503105623836,57.76271186440678,1475
5,200,25,70,20,15,-31.5293051215498,-50.83197013947762,58.417140358548316,2287
5,200,25,70,30,7,-17.339707307299925,-42.3518863072781,58.7431693989071,732
5,200,25,70,30,10,-20.689956761449924,-40.44427243180733,58.001502629601795,1331
5,200,25,70,30,15,-22.151518498199817,-46.513964278092686,58.28071879553182,2059
5,200,25,75,10,7,-53.94515813894989,-54.83409606859837,49.06759906759907,858
5,200,25,75,10,10,-44.45184838204989,-48.676928229215136,50.15267175572519,1310
5,200,25,75,10,15,-45.59127501109986,-49.79073842000808,50.9567387687188,2404
5,200,25,75,20,7,-35.91442936714987,-51.76605418089887,57.02592087312415,733
5,200,25,75,20,10,-26.556101034449863,-38.925171762332695,57.17255717255717,962
5,200,25,75,20,15,-24.780553888049916,-46.99350421254324,57.02436495593572,1929
5,200,25,75,30,7,-26.42469153634992,-38.175152238533435,56.904761904761905,420
5,200,25,75,30,10,-21.10094608174995,-39.648510369546536,56.92137320044297,903
5,200,25,75,30,15,-14.113924783349919,-43.591826424544614,57.39856801909308,1676
5,200,25,80,10,7,-57.759534528649915,-60.455776039918575,47.19438877755511,998
5,200,25,80,10,10,-42.70255978704983,-48.776074032946845,47.556142668428,1514
5,200,25,80,10,15,-37.83525757234977,-55.78469828818914,49.008390541571316,2622
5,200,25,80,20,7,-20.531503785399895,-42.19736935717711,54.894433781190024,521
5,200,25,80,20,10,-27.199893709049906,-47.90401461765629,55.53168635875403,931
5,200,25,80,20,15,-23.344565452449917,-52.378655583934815,55.232909860859046,1653
5,200,25,80,30,7,-40.34697599039999,-40.881010314350824,56.26326963906582,471
5,200,25,80,30,10,-9.061755029299945,-33.97387663264526,57.096774193548384,620
5,200,25,80,30,15,0.711953230550133,-35.833133558251184,56.52173913043478,1288
5,200,30,70,10,7,-49.78884360909992,-52.46739947944995,51.969365426695845,914
5,200,30,70,10,10,-41.23962572519989,-50.488179183899916,53.310810810810814,1480
5,200,30,70,10,15,-35.824669350799745,-49.24378737044652,53.794086213038824,2807
5,200,30,70,20,7,-25.02010831084991,-48.020619417249996,57.61658031088083,965
5,200,30,70,20,10,-4.853990775199879,-41.84633604339993,58.51851851851851,1350
5,200,30,70,20,15,-20.358555732149817,-41.640903340214535,58.34114339268979,2134
5,200,30,70,30,7,-33.127506985449926,-44.82692399489996,57.97546012269939,652
5,200,30,70,30,10,-15.92864398414986,-37.47039708369998,58.082191780821915,1095
5,200,30,70,30,15,-15.511170285049825,-37.707650047714985,58.70698644421272,1918
5,200,30,75,10,7,-55.445482441949956,-55.46283297394995,48.208955223880594,670
5,200,30,75,10,10,-42.8229389331499,-48.09826137519993,50.43547110055424,1263
5,200,30,75,10,15,-35.81600601854984,-49.06855687552558,50.691823899371066,2385
5,200,30,75,20,7,-24.22450109409986,-38.846310161099936,58.57805255023184,647
5,200,30,75,20,10,-31.798797969649883,-43.78052151879993,56.37898686679175,1066
5,200,30,75,20,15,-4.281606315049935,-41.71692399638097,57.61663856098932,1779
5,200,30,75,30,7,-34.260856484099925,-37.811196581449956,57.596371882086174,441
5,200,30,75,30,10,-35.28813578249991,-41.78193306189997,57.00598802395209,835
5,200,30,75,30,15,11.907913818550186,-31.177914102701877,58.85234429671099,1429
5,200,30,80,10,7,-58.331671786499854,-58.33758334149985,46.00431965442765,926
5,200,30,80,10,10,-34.489499039399895,-45.29356313294996,49.396782841823054,1492
5,200,30,80,10,15,-33.473476949649836,-53.30006075755489,48.89267461669506,2348
5,200,30,80,20,7,-48.581699853399954,-48.63179657239994,55.301794453507334,613
5,200,30,80,20,10,-30.79693908874992,-51.11146619409993,55.1345962113659,1003
5,200,30,80,20,15,5.013180681200136,-44.2944127470032,56.33528265107213,1539
5,200,30,80,30,7,-31.1697876756999,-36.164551984099944,57.83475783475783,351
5,200,30,80,30,10,-36.6488547147999,-38.66324675434996,57.52461322081576,711
5,200,30,80,30,15,-24.109722368099884,-34.19835639057659,56.76784249384742,1219
6,100,20,70,10,7,-42.20331541394987,-50.74438379903901,47.46494066882416,927
6,100,20,70,10,10,-43.94392188329985,-49.3116352240191,48.663594470046085,1085
6,100,20,70,10,15,-25.04214096014984,-47.42453675986716,48.0719794344473,1945
6,100,20,70,20,7,-6.4516970799499145,-44.29812789714994,55.637707948244,541
6,100,20,70,20,10,-8.401541077249885,-39.04748445501377,55.59481743227326,849
6,100,20,70,20,15,-35.92002554024993,-51.360868177149975,55.140186915887845,1391
6,100,20,70,30,7,-17.220380277049962,-30.422984178517908,58.1151832460733,382
6,100,20,70,30,10,-11.954289361049886,-41.32733388174994,57.26375176304654,709
6,100,20,70,30,15,-31.03034372059994,-44.44637034629995,56.137479541734855,1222
6,100,20,75,10,7,-30.30931184629995,-42.09471975117175,45.2247191011236,712
6,100,20,75,10,10,-41.02858241694993,-47.439755477831675,46.53204565408252,1139
6,100,20,75,10,15,-29.848386722799948,-47.957360880827785,46.106240330067045,1939
6,100,20,75,20,7,-0.5741379658999124,-35.25789435834302,54.62555066079295,454
6,100,20,75,20,10,-11.976895559799928,-41.54982333321261,52.42966751918159,782
6,100,20,75,20,15,-27.27945408279997,-48.724637814050006,51.72981878088962,1214
6,100,20,75,30,7,-23.754634520299966,-39.21203096940107,52.90178571428571,448
6,100,20,75,30,10,-8.373819750099898,-39.51672980643478,53.484602917341974,617
6,100,20,75,30,15,-26.499089888949946,-45.1621402299098,54.49490268767377,1079
6,100,20,80,10,7,-41.80681210719987,-46.11036959140264,42.711370262390666,686
6,100,20,80,10,10,-43.54416176874991,-50.11925919820618,44.03056351480421,1047
6,100,20,80,10,15,-39.334610367499835,-50.303305073026095,44.66019417475729,1854
6,100,20,80,20,7,-41.28810996634994,-47.000879061799964,50.55187637969095,453
6,100,20,80,20,10,-35.53693255194988,-45.70893291929991,51.072961373390555,699
6,100,20,80,20,15,-28.95002104179988,-47.99972620141487,50.97690941385436,1126
6,100,20,80,30,7,-18.807560209249942,-33.13739232731474,53.191489361702125,329
6,100,20,80,30,10,-33.60506710879994,-43.68650447884823,50.775193798449614,516
6,100,20,80,30,15,-12.794045423799927,-45.80999435530649,53.696969696969695,825
6,100,25,70,10,7,-18.720010996199843,-38.69310883802151,49.3006993006993,858
6,100,25,70,10,10,-18.25087645539987,-40.169721751459186,48.860759493670884,1185
6,100,25,70,10,15,-29.812430313749882,-46.64457220294421,49.074074074074076,1944
6,100,25,70,20,7,6.120082123900095,-44.884076242516706,55.61904761904762,525
6,100,25,70,20,10,8.880859011050068,-40.91710923149595,55.34591194968554,795
6,100,25,70,20,15,-4.429358355949908,-42.724874313297676,56.8075117370892,1491
6,100,25,70,30,7,-20.686394502199924,-42.60434313688567,57.41935483870968,465
6,100,25,70,30,10,-3.537201369699927,-35.235551099403686,57.49999999999999,640
6,100,25,70,30,15,-16.939403832349942,-41.78318994046328,57.00712589073634,1263
6,100,25,75,10,7,37.9104144482002,-32.54305899023269,47.91386271870794,743
6,100,25,75,10,10,-24.97676020469988,-41.832692508396356,45.78606158833063,1234
6,100,25,75,10,15,-10.573984210499853,-46.16046526184034,47.49147588894301,2053
6,100,25,75,20,7,35.1821960162501,-40.39488300111249,55.6935817805383,483
6,100,25,75,20,10,28.42780866800001,-38.99276900343171,53.97815912636506,641
6,100,25,75,20,15,-11.064198564849882,-41.82200549588477,53.25779036827195,1412
6,100,25,75,30,7,-13.25242315414994,-37.31186394793483,55.26992287917738,389
6,100,25,75,30,10,-6.019102892999917,-47.51068982654251,54.7085201793722,669
6,100,25,75,30,15,-20.320350463949854,-44.605650152017795,54.333643988816405,1073
6,100,25,80,10,7,26.643858848100166,-34.40411585536655,47.104851330203445,639
6,100,25,80,10,10,-29.61972002854989,-51.1002031341483,44.3609022556391,1330
6,100,25,80,10,15,-16.377918404549806,-46.695700046351774,45.068870523415974,1815
6,100,25,80,20,7,-17.96618545504993,-44.88198978610064,51.310043668122276,458
6,100,25,80,20,10,-7.904544797999935,-43.03205539818461,52.03252032520326,738
6,100,25,80,20,15,-6.099611165399943,-41.40204806028082,52.428810720268004,1194
6,100,25,80,30,7,-9.87420610689992,-36.45731185468489,57.14285714285714,294
6,100,25,80,30,10,-10.963471023249937,-44.24059672792332,54.72061657032755,519
6,100,25,80,30,15,-5.647786472749916,-44.47457522462559,53.20088300220751,906
6,100,30,70,10,7,-35.94873495989981,-59.350927638853875,49.908256880733944,1090
6,100,30,70,10,10,-15.945559731949832,-51.708271048886466,48.65116279069767,1075
6,100,30,70,10,15,-29.72777142639984,-46.25141701909157,48.9310009718173,2058
6,100,30,70,20,7,11.969811293250077,-43.167909098099976,56.50557620817844,538
6,100,30,70,20,10,7.887896619900103,-41.5328329873999,55.27950310559007,805
6,100,30,70,20,15,-3.75560669279994,-41.81900692282279,56.11664295874822,1406
6,100,30,70,30,7,4.2908845346001145,-39.80961180903423,58.298755186722,482
6,100,30,70,30,10,-2.7767247044499177,-36.73387391594658,57.71643663739021,797
6,100,30,70,30,15,-25.706851385849884,-39.19758348258856,56.33187772925764,1145
6,100,30,75,10,7,-41.23098055799991,-45.53755750299991,46.76434676434676,819
6,100,30,75,10,10,-50.78813839989991,-53.27940473914994,46.52974504249292,1412
6,100,30,75,10,15,-34.08524278244992,-49.92597062823674,46.2204270051933,1733
6,100,30,75,20,7,16.13834130785008,-39.53427999926864,56.22641509433962,530
6,100,30,75,20,10,43.18527710065012,-39.792796107645074,54.19753086419753,810
6,100,30,75,20,15,-5.356067948999909,-41.39025868625086,52.52062328139322,1091
6,100,30,75,30,7,6.853375770450132,-28.417035079104547,55.15587529976019,417
6,100,30,75,30,10,-1.8663062559998944,-41.109498686299936,53.09859154929577,710
6,100,30,75,30,15,-11.358049427049954,-42.717623823069935,54.492753623188406,1035
6,100,30,80,10,7,-36.84797466709991,-42.83248437289992,45.714285714285715,630
6,100,30,80,10,10,-16.923484054149885,-43.97287338114994,46.504854368932044,1030
6,100,30,80,10,15,-27.28897573179988,-45.78099238175307,45.45454545454545,1793
6,100,30,80,20,7,-28.02249950439991,-48.77482977299992,55.02742230347349,547
6,100,30,80,20,10,-12.428013307049934,-37.04651559809995,54.28156748911466,689
6,100,30,80,20,15,7.659897036100083,-43.71234139924993,52.958292919495634,1031
6,100,30,80,30,7,4.364580674800123,-28.86933887719403,58.11209439528023,339
6,100,30,80,30,10,29.518328693150053,-36.48123750385145,56.53846153846154,520
6,100,30,80,30,15,-7.812111166750002,-38.57748861085001,54.06976744186046,688
6,150,20,70,10,7,-40.0256117604999,-50.14829071454992,49.891540130151846,922
6,150,20,70,10,10,-44.64874584289984,-58.41384437759986,48.336727766463,1473
6,150,20,70,10,15,-43.44401727549988,-55.59606242754989,47.96954314720812,1970
6,150,20,70,20,7,-21.29527778399989,-49.685691303599896,54.750402576489535,621
6,150,20,70,20,10,-17.254725889299884,-45.42984882483822,56.76004872107187,821
6,150,20,70,20,15,-28.314592953999874,-46.487396610899914,55.89248793935218,1451
6,150,20,70,30,7,-25.94877482469995,-40.15712687704998,56.8733153638814,371
6,150,20,70,30,10,-18.184459206099955,-40.19969848014998,57.65765765765766,666
6,150,20,70,30,15,-34.93374729944989,-43.336882453049896,57.446808510638306,1222
6,150,20,75,10,7,-29.879340153799916,-40.588869943049936,45.614035087719294,627
6,150,20,75,10,10,-52.442076082999854,-62.35388169769989,46.26959247648903,1595
6,150,20,75,10,15,-35.41236887574988,-57.275775163894274,47.623400365630715,2188
6,150,20,75,20,7,8.008866690850013,-37.45498951615,55.576559546313796,529
6,150,20,75,20,10,4.558097870150113,-45.759489667347886,54.77326968973747,838
6,150,20,75,20,15,-7.894156368649896,-45.28237864786745,55.480833893745796,1487
6,150,20,75,30,7,0.131651251700049,-34.24236914834998,56.73575129533679,386
6,150,20,75,30,10,-13.133473991449918,-40.33377726536164,56.25920471281296,679
6,150,20,75,30,15,-25.9946701356499,-46.378586968756274,55.932203389830505,1180
6,150,20,80,10,7,-30.735883739299897,-38.21472247719989,44.15584415584416,616
6,150,20,80,10,10,-40.754361716449814,-56.65213106014988,45.14528703047484,1411
6,150,20,80,10,15,-36.569945370899894,-55.33130793967806,46.25818521983162,2138
6,150,20,80,20,7,-22.71842001594997,-33.549150461149985,50.0,404
6,150,20,80,20,10,-32.904181501149935,-41.49366425197495,51.778093883357045,703
6,150,20,80,20,15,-27.065080231299866,-48.55929648551992,52.23395613322502,1231
6,150,20,80,30,7,-14.545515692899913,-39.40753647721632,52.6984126984127,315
6,150,20,80,30,10,-23.000295327649965,-43.883614304403714,52.62135922330097,515
6,150,20,80,30,15,-2.398682471149971,-43.9728361372381,54.26966292134831,890
6,150,25,70,10,7,-21.22754689339986,-35.605488154039755,48.69565217391305,690
6,150,25,70,10,10,-29.204385223349828,-44.25628604498146,49.166666666666664,1320
6,150,25,70,10,15,-29.641670559349677,-52.00095725040964,49.635349635349634,2331
6,150,25,70,20,7,-13.283865071749922,-43.34192455646861,56.15550755939525,463
6,150,25,70,20,10,-10.148601477399911,-41.821586506779326,57.26587728740581,929
6,150,25,70,20,15,-13.245051773099902,-43.5931064592032,57.2554169402495,1523
6,150,25,70,30,7,4.898614725450101,-32.717459283867136,60.95890410958904,438
6,150,25,70,30,10,-18.41169871674998,-35.474127745469225,58.75706214689266,708
6,150,25,70,30,15,-28.243238798949864,-42.61429513666327,57.42035742035741,1287
6,150,25,75,10,7,-26.066685752899975,-37.66181397905514,47.00636942675159,785
6,150,25,75,10,10,-27.724316873799914,-48.42063121525507,47.20812182741117,1182
6,150,25,75,10,15,-44.07171676004984,-59.04135927268873,47.168970129291125,2243
6,150,25,75,20,7,12.887472985600068,-32.561030014970385,57.608695652173914,460
6,150,25,75,20,10,19.871306208550067,-31.125006120110953,55.81098339719029,783
6,150,25,75,20,15,-4.677599425599876,-43.255509536994694,54.81377371749825,1423
6,150,25,75,30,7,16.060690622350005,-31.305748441509895,58.59154929577465,355
6,150,25,75,30,10,6.451969420300019,-40.26339724932855,56.72913117546848,587
6,150,25,75,30,15,-20.14926134924987,-46.01816539749818,56.05263157894736,1140
6,150,25,80,10,7,-19.68975857884989,-41.79201998179647,44.984802431610944,658
6,150,25,80,10,10,-33.81750271529987,-50.41030934491022,45.203252032520325,1230
6,150,25,80,10,15,-38.829654909099766,-59.24496270972083,45.79982126899017,2238
6,150,25,80,20,7,-7.7258826268999155,-34.09496736972046,51.06888361045131,421
6,150,25,80,20,10,-12.23726463334992,-35.36301062658932,51.547987616099064,646
6,150,25,80,20,15,5.984852494200132,-41.24794761302284,52.760736196319016,1141
6,150,25,80,30,7,-3.1007610331499236,-35.00175787983212,55.400696864111495,287
6,150,25,80,30,10,-14.311650752549932,-39.552452866784286,54.62633451957295,562
6,150,25,80,30,15,-6.744348206599893,-45.60679321520482,54.38225976768744,947
6,150,30,70,10,7,-10.718044195599886,-34.665030108469814,50.28636884306987,873
6,150,30,70,10,10,-24.934867511649873,-43.92559974240416,50.70093457943925,1284
6,150,30,70,10,15,-42.70794650644984,-48.253770727268694,49.79405034324943,2185
6,150,30,70,20,7,-27.991622908399894,-41.007279640109736,58.34932821497121,521
6,150,30,70,20,10,-24.39477022574994,-38.821935066088024,57.69728331177232,773
6,150,30,70,20,15,-34.534020400899934,-47.27136811337127,55.69823434991974,1246
6,150,30,70,30,7,-12.329747166799931,-40.840730500802884,58.96805896805897,407
6,150,30,70,30,10,-14.34039776329994,-33.624767686036,59.27209705372617,577
6,150,30,70,30,15,-25.61386351219992,-33.84389659107123,58.333333333333336,1200
6,150,30,75,10,7,-13.227381242299884,-39.6628439875807,48.39572192513369,748
6,150,30,75,10,10,-27.029201761149867,-53.59479575169623,47.48898678414097,1135
6,150,30,75,10,15,-46.627755615449864,-57.3959566323547,47.215830648872526,2173
6,150,30,75,20,7,2.419679351950088,-33.37853254656224,56.76392572944297,377
6,150,30,75,20,10,6.94809632250013,-32.03372300615451,56.75675675675676,592
6,150,30,75,20,15,-9.047339679649902,-39.263915410249,55.422647527910684,1254
6,150,30,75,30,7,-9.782790747499948,-36.79784302329413,55.75,400
6,150,30,75,30,10,-8.196964459799883,-39.69333140636725,56.76100628930818,636
6,150,30,75,30,15,-12.410995715649953,-37.28775486437137,56.91881918819188,1084
6,150,30,80,10,7,-20.003656353449895,-32.611969626838075,43.441226575809196,587
6,150,30,80,10,10,-38.484660039649874,-52.780994599087805,46.10051993067591,1154
6,150,30,80,10,15,-35.87810444049991,-54.40150968618457,45.77215189873417,1975
6,150,30,80,20,7,-6.766213094399898,-33.02618716267233,52.142857142857146,420
6,150,30,80,20,10,-11.99581391179989,-29.45466545667706,52.20338983050847,590
6,150,30,80,20,15,-1.346842154699912,-30.603953666373734,52.64765784114053,982
6,150,30,80,30,7,29.53662449490009,-32.96278155354745,57.44047619047619,336
6,150,30,80,30,10,26.675609936400058,-32.28660906099873,58.35411471321695,401
6,150,30,80,30,15,-13.761301003599947,-42.12167927705098,54.15617128463476,794
6,200,20,70,10,7,-51.62019914489995,-53.237122171886575,50.11185682326622,894
6,200,20,70,10,10,-54.43335423794989,-56.499315197311915,49.39063502245029,1559
6,200,20,70,10,15,-51.50575001694986,-55.448817889979665,49.28007431490943,2153
6,200,20,70,20,7,-30.013161061049953,-41.38623418548632,56.48535564853556,478
6,200,20,70,20,10,-35.821525298099864,-45.43776892043316,55.826859045504996,901
6,200,20,70,20,15,-40.511644385099935,-54.73251152798845,56.5772669220945,1566
6,200,20,70,30,7,-25.14462234869993,-37.48592796145023,58.77437325905292,359
6,200,20,70,30,10,-27.719184005649865,-38.74403830596676,58.93587994542974,733
6,200,20,70,30,15,-32.9762102467499,-49.40201914940307,58.565153733528554,1366
6,200,20,75,10,7,-52.29100723394995,-54.44595031026419,45.41003671970624,817
6,200,20,75,10,10,-45.40672375384985,-51.275611293045465,47.301349325337334,1334
6,200,20,75,10,15,-52.01735331574993,-58.536084750187165,46.927374301675975,2148
6,200,20,75,20,7,-14.186531033049954,-37.99166264714094,56.00000000000001,500
6,200,20,75,20,10,-30.149117399599945,-49.304619468832875,54.577883472057074,841
6,200,20,75,20,15,-32.013682418849896,-50.76509039508088,54.55192034139402,1406
6,200,20,75,30,7,-16.269770004999963,-37.93166498250477,57.21925133689839,374
6,200,20,75,30,10,-15.364045793099912,-41.93919527798236,58.16793893129771,655
6,200,20,75,30,15,-25.266879652199915,-41.146107251386915,56.6213921901528,1178
6,200,20,80,10,7,-45.06734230244995,-50.445401466141504,46.58682634730539,835
6,200,20,80,10,10,-38.96507904199994,-53.18216475954787,46.04430379746836,1264
6,200,20,80,10,15,-44.95287203929986,-55.926429768674716,46.03701945894637,2107
6,200,20,80,20,7,-32.43470943659994,-36.19508103605742,53.30739299610895,514
6,200,20,80,20,10,-24.28415189324985,-47.85063771312464,53.51648351648352,910
6,200,20,80,20,15,-30.311869807299928,-46.146945168321686,53.70511841100076,1309
6,200,20,80,30,7,-23.117329405999932,-36.1313484422404,53.67847411444142,367
6,200,20,80,30,10,-25.551710914599923,-46.8962946992681,55.75079872204473,626
6,200,20,80,30,15,-5.986026659849896,-46.87908055231079,55.77319587628866,970
6,200,25,70,10,7,-36.386603061549906,-47.51733768668094,50.65710872162485,837
6,200,25,70,10,10,-54.79159689514981,-57.30001197028487,50.45372050816697,1653
6,200,25,70,10,15,-28.174208448449967,-49.136099968941764,51.334180432020325,2361
6,200,25,70,20,7,-30.161693473599925,-44.42727853694456,58.66900175131349,571
6,200,25,70,20,10,-19.612294692199917,-47.233324673137,57.17255717255717,962
6,200,25,70,20,15,-28.020382665949906,-48.375146155443844,57.506053268765136,1652
6,200,25,70,30,7,-21.753907666049855,-40.425392143009454,58.620689655172406,377
6,200,25,70,30,10,-41.569927067099975,-43.38193429458968,59.10878112712975,763
6,200,25,70,30,15,-29.487073468250003,-46.50219870289872,59.001406469760894,1422
6,200,25,75,10,7,-36.519901612599895,-37.900384789706806,48.306148055207025,797
6,200,25,75,10,10,-48.10986790314988,-50.0784764808324,48.26522744795682,1297
6,200,25,75,10,15,-39.09781551589984,-48.92723798047267,47.68405655777669,2051
6,200,25,75,20,7,-4.160088131549921,-38.08047009209107,55.415162454873645,554
6,200,25,75,20,10,-5.2176485793999134,-39.38667187200813,55.612903225806456,775
6,200,25,75,20,15,-26.4102631572499,-51.14448252436941,54.152367879203844,1457
6,200,25,75,30,7,33.554334845850086,-35.77832100718478,60.33519553072626,358
6,200,25,75,30,10,-8.181606786599893,-39.602906107740196,58.408408408408405,666
6,200,25,75,30,15,-28.71457116039988,-47.244828067702485,56.507136859781696,1191
6,200,25,80,10,7,-35.946423591099865,-44.51151488829895,46.58227848101266,790
6,200,25,80,10,10,-27.88012788099985,-47.38443342009703,47.14603409933284,1349
6,200,25,80,10,15,-34.9568041117498,-51.478003259462966,46.69329782512206,2253
6,200,25,80,20,7,-24.469415522899908,-37.06285400609533,54.56238361266295,537
6,200,25,80,20,10,-14.549069537499914,-36.549350410280894,54.07673860911271,834
6,200,25,80,20,15,-22.29339999404989,-47.3620774049864,54.009936124911285,1409
6,200,25,80,30,7,-41.23996117254995,-41.44753860102704,54.79041916167665,334
6,200,25,80,30,10,-32.45061786869991,-42.37565683010489,55.78446909667195,631
6,200,25,80,30,15,-18.756825584949954,-46.06580415422156,54.50097847358122,1022
6,200,30,70,10,7,-36.82773944419985,-42.881063180411495,49.73045822102426,742
6,200,30,70,10,10,-35.01591239164993,-49.49812867267539,51.54711673699015,1422
6,200,30,70,10,15,-35.78203790869991,-47.117760311378625,51.17903930131005,2290
6,200,30,70,20,7,-43.52256480844993,-46.27825233554859,56.42023346303502,514
6,200,30,70,20,10,-26.36138760169994,-46.06936719925016,57.39570164348925,791
6,200,30,70,20,15,-25.48838206954992,-44.51111562577951,58.291139240506325,1580
6,200,30,70,30,7,-34.44839323769997,-43.463411932217696,56.916099773242635,441
6,200,30,70,30,10,-32.69649586274992,-41.664971927561524,57.46478873239437,710
6,200,30,70,30,15,-33.815880106299936,-44.44714509637598,57.9182156133829,1345
6,200,30,75,10,7,-39.347577243499934,-46.2953026082147,45.88815789473684,608
6,200,30,75,10,10,-26.008258194899845,-40.59435064301813,49.0622655663916,1333
6,200,30,75,10,15,-53.6113671626999,-55.85594038465804,48.3271375464684,2152
6,200,30,75,20,7,8.337989053200069,-37.51857630576641,57.113821138211385,492
6,200,30,75,20,10,10.675325181850104,-33.95350766468276,58.34683954619124,617
6,200,30,75,20,15,-22.126221688499903,-46.91405133989503,55.22058823529412,1360
6,200,30,75,30,7,10.535664581850156,-30.52510130737177,59.86842105263158,456
6,200,30,75,30,10,-5.532496872549952,-31.7797044867711,59.187279151943464,566
6,200,30,75,30,15,-29.340687798299967,-43.132427659704796,57.000828500414244,1207
6,200,30,80,10,7,-42.74269395579993,-45.9662838820269,44.81751824817518,685
6,200,30,80,10,10,-35.16169435224988,-46.10744137900193,46.30705394190871,1205
6,200,30,80,10,15,-45.48227340894992,-54.8057963424606,47.09382151029749,2185
6,200,30,80,20,7,17.905519863900075,-39.683866177451584,57.326478149100254,389
6,200,30,80,20,10,-10.103375058099928,-38.46459452735233,55.92417061611374,633
6,200,30,80,20,15,-4.851028153399972,-43.638747765192115,54.574383452665074,1257
6,200,30,80,30,7,-25.249192638549943,-39.025502586863915,57.611940298507456,335
6,200,30,80,30,10,-13.383288873649924,-48.425205444133844,57.14285714285714,525
6,200,30,80,30,15,-10.157655048349945,-46.086600615759316,55.33980582524271,1030
7,100,20,70,10,7,-37.442510981699826,-57.56875755617645,45.82104228121927,1017
7,100,20,70,10,10,-21.660137856999917,-48.402668240401326,47.14946070878274,1298
7,100,20,70,10,15,-28.821578865149856,-53.66446041349907,46.40943193997856,1866
7,100,20,70,20,7,-11.099669459799888,-36.40257268997031,52.28426395939086,394
7,100,20,70,20,10,-18.784133329049947,-36.592725570982374,54.02298850574713,609
7,100,20,70,20,15,-18.328894581600007,-41.016523775707775,53.51201478743069,1082
7,100,20,70,30,7,-26.82878248779992,-34.835306473025554,54.21348314606742,356
7,100,20,70,30,10,-15.005725393849955,-33.69095624262157,54.83234714003945,507
7,100,20,70,30,15,-0.5671863400999011,-35.22629125253262,56.25692137320044,903
7,100,20,75,10,7,-36.78070133324992,-58.18392023783093,43.05705059203444,929
7,100,20,75,10,10,-34.05382384564986,-51.60938431312496,44.612928970470875,1253
7,100,20,75,10,15,-23.035201080599855,-50.18880238321925,45.2329360780065,1846
7,100,20,75,20,7,-17.793172728549877,-55.56669232443819,51.35135135135135,518
7,100,20,75,20,10,-25.34500897954993,-54.47513992168545,51.373626373626365,728
7,100,20,75,20,15,-11.890206518449753,-42.25944473993227,52.50767656090072,977
7,100,20,75,30,7,-33.36815397669996,-48.72490093422061,51.64473684210527,304
7,100,20,75,30,10,-26.737157829949965,-35.38252877537385,53.92405063291139,395
7,100,20,75,30,15,-8.575980767649948,-35.412973574074755,54.192546583850934,644
7,100,20,80,10,7,-46.196200446299954,-63.704634767468306,41.92037470725995,854
7,100,20,80,10,10,-33.54029311334992,-54.73263509329351,42.81298299845441,1294
7,100,20,80,10,15,-24.494662070249884,-52.47475528907477,43.99332591768631,1798
7,100,20,80,20,7,-24.45835791209996,-46.59362317168775,48.06763285024155,414
7,100,20,80,20,10,-22.90553330044991,-51.911122059391616,50.14836795252226,674
7,100,20,80,20,15,-18.978286074649965,-50.29023063621941,48.69312681510164,1033
7,100,20,80,30,7,-8.503609137649903,-37.98290859529765,52.17391304347826,299
7,100,20,80,30,10,7.3856994090500505,-32.25285030730032,53.608247422680414,485
7,100,20,80,30,15,-15.506085920699963,-42.62611595734966,51.93236714975845,828
7,100,25,70,10,7,-4.696331781099916,-30.857746012449965,46.906474820143885,695
7,100,25,70,10,10,-10.07428728849986,-48.81209461235571,47.78242677824267,1195
7,100,25,70,10,15,-8.446962687549798,-48.642127932047266,48.50632911392405,1975
7,100,25,70,20,7,-21.028967127499943,-45.27210338689994,54.966887417218544,453
7,100,25,70,20,10,-13.746479430799896,-34.24147099349992,55.344827586206904,580
7,100,25,70,20,15,-16.34579197044991,-40.82223152372026,55.11520737327189,1085
7,100,25,70,30,7,-19.09574634179999,-38.01872268729999,56.824512534818936,359
7,100,25,70,30,10,9.452686603050008,-27.946593100906714,59.10931174089069,494
7,100,25,70,30,15,0.8513625100000866,-28.32495579084225,57.14285714285714,798
7,100,25,75,10,7,-21.427441403049883,-35.606142411049966,44.79865771812081,596
7,100,25,75,10,10,-26.216649361899858,-47.37923538254788,46.09507640067912,1178
7,100,25,75,10,15,-22.42355345774989,-49.84382935831593,46.53465346534654,1919
7,100,25,75,20,7,-3.2843562109999835,-48.94048504529997,52.2248243559719,427
7,100,25,75,20,10,-13.51308416549999,-41.173969481899995,51.76282051282052,624
7,100,25,75,20,15,-14.847713798399942,-38.52122219904996,50.89086859688196,898
7,100,25,75,30,7,-41.40982367134993,-56.79387714419995,50.733137829912025,341
7,100,25,75,30,10,-20.66885047344992,-38.6938083050429,52.85087719298246,456
7,100,25,75,30,15,-10.39035745664999,-32.851803283927055,53.153153153153156,666
7,100,25,80,10,7,2.1904330364501234,-38.5976414558499,44.44444444444444,729
7,100,25,80,10,10,-25.437638195099833,-54.42347331547512,44.69096671949287,1262
7,100,25,80,10,15,-13.15107273034981,-52.0708269646409,45.41353383458647,1995
7,100,25,80,20,7,-3.060689748249934,-47.43110002804996,48.674698795180724,415
7,100,25,80,20,10,-3.297876336449934,-39.666788891099955,47.58497316636851,559
7,100,25,80,20,15,-25.071729096549934,-43.943473516975025,49.55925563173359,1021
7,100,25,80,30,7,-17.759649279549983,-45.38359638065002,52.90697674418605,344
7,100,25,80,30,10,-20.25797954339992,-43.51692303505873,53.34685598377283,493
7,100,25,80,30,15,-8.204062496849984,-35.01149594053077,54.11764705882353,680
7,100,30,70,10,7,-28.36525410644993,-46.10344501499995,46.98795180722892,747
7,100,30,70,10,10,-2.6400909652499083,-39.37599304050976,47.70063119927863,1109
7,100,30,70,10,15,-26.78949386734989,-43.95315875383724,47.26651480637813,1756
7,100,30,70,20,7,-21.86946738864991,-45.267619469649915,54.10526315789473,475
7,100,30,70,20,10,-17.512186483849945,-39.99436032204996,53.996737357259384,613
7,100,30,70,20,15,-16.59262591059989,-34.616272130795004,54.130223517978614,1029
7,100,30,70,30,7,-16.653588605899948,-38.73560507689995,56.334231805929925,371
7,100,30,70,30,10,2.312928645650092,-35.26350885368386,56.6793893129771,524
7,100,30,70,30,15,1.9122444968000973,-27.0142317742388,57.4025974025974,770
7,100,30,75,10,7,-24.857647041399964,-38.77868200845002,44.612794612794616,594
7,100,30,75,10,10,-15.104362815749884,-32.01442487307602,46.67913938260056,1069
7,100,30,75,10,15,-26.44993628989991,-43.036894489694674,45.85280373831775,1712
7,100,30,75,20,7,-36.74461354324998,-52.67340057274998,49.31192660550459,436
7,100,30,75,20,10,-29.194299764149946,-47.73591770169995,49.76887519260401,649
7,100,30,75,20,15,-31.027741499349926,-42.865257425699944,50.23969319271333,1043
7,100,30,75,30,7,-26.545077384049954,-48.85937964559998,53.13351498637602,367
7,100,30,75,30,10,-15.43665206059992,-36.550634152483774,54.92700729927007,548
7,100,30,75,30,15,-16.877686714149988,-33.00794929139998,53.52323838080959,667
7,100,30,80,10,7,-25.99385666474989,-42.184646785699925,43.32129963898917,831
7,100,30,80,10,10,-39.00753470384988,-50.121813607185516,42.94642857142857,1120
7,100,30,80,10,15,-31.368973245399843,-44.343258518441694,44.148936170212764,1504
7,100,30,80,20,7,-22.823474293749946,-49.79135412499996,48.6682808716707,413
7,100,30,80,20,10,-21.594240266199915,-46.54003097794993,48.161120840630474,571
7,100,30,80,20,15,-19.066915179199906,-39.97665579179992,48.812351543942995,842
7,100,30,80,30,7,-46.45648796214997,-58.750626070249965,50.0,306
7,100,30,80,30,10,-21.048006161899956,-45.02643798614996,52.311435523114355,411
7,100,30,80,30,15,-6.4670436541499505,-33.70777157482631,53.69458128078818,609
7,150,20,70,10,7,-69.33556262119981,-76.86955606456327,44.95488105004102,1219
7,150,20,70,10,10,-57.5365592596499,-68.68943345127104,46.89922480620155,1548
7,150,20,70,10,15,-53.12687079004989,-64.62282284292172,46.51729176814418,2053
7,150,20,70,20,7,-36.37933888279994,-49.163800666906894,51.800000000000004,500
7,150,20,70,20,10,-55.813631210449884,-56.128609985449884,50.63451776649747,788
7,150,20,70,20,15,-35.59567854349985,-52.074483126632764,54.3089430894309,1230
7,150,20,70,30,7,-9.791271241899956,-34.13356473851461,57.78301886792453,424
7,150,20,70,30,10,-17.22697890459992,-32.887840087494546,56.00000000000001,525
7,150,20,70,30,15,-32.19214238729986,-45.53980533565195,55.65302144249513,1026
7,150,20,75,10,7,-62.99920324174985,-73.55665630452263,45.17724649629019,1213
7,150,20,75,10,10,-44.136859563549834,-60.513545356815094,45.91836734693878,1470
7,150,20,75,10,15,-53.991818919499934,-60.10545111185072,45.41871921182266,2030
7,150,20,75,20,7,-55.95045629654992,-57.37591741480188,48.45360824742268,582
7,150,20,75,20,10,-54.156988970149975,-57.30925172794997,50.969213226909915,877
7,150,20,75,20,15,-34.50132053954994,-50.03101062019364,51.02711585866886,1217
7,150,20,75,30,7,-10.599957742299903,-30.92592589605135,55.524079320113316,353
7,150,20,75,30,10,-21.280871199449926,-32.46930379160434,54.865424430641816,483
7,150,20,75,30,15,-24.476534136149965,-42.89549853996645,54.92468134414832,863
7,150,20,80,10,7,-73.24145243009984,-77.77954568504613,42.83374283374283,1221
7,150,20,80,10,10,-58.4906715365499,-68.20520292431902,43.69461486025904,1467
7,150,20,80,10,15,-50.62688747414996,-62.35157223792736,43.99585921325052,1932
7,150,20,80,20,7,-34.825666513899876,-59.342171619099915,49.24242424242424,528
7,150,20,80,20,10,-44.16858648549991,-63.6276733796379,47.97136038186158,838
7,150,20,80,20,15,-31.21876589514987,-51.93897048984527,47.79874213836478,1113
7,150,20,80,30,7,-23.712262688599928,-41.64715021035884,50.14925373134328,335
7,150,20,80,30,10,-30.761540755849946,-46.694661428420936,50.75757575757576,528
7,150,20,80,30,15,-23.206094078599946,-48.71388105618711,51.783893985728845,981
7,150,25,70,10,7,-35.25968788084993,-48.641027863763384,48.49726775956284,732
7,150,25,70,10,10,-47.481244395399834,-58.129167213447175,47.77070063694268,1413
7,150,25,70,10,15,-43.753017765799804,-55.21656944236024,48.00982800982801,2035
7,150,25,70,20,7,-12.135833052499944,-48.609702095918635,53.86313465783664,453
7,150,25,70,20,10,-20.575912691999953,-41.95276715195704,54.20289855072464,690
7,150,25,70,20,15,-29.723012307049867,-46.06666771325219,55.389457120377664,1271
7,150,25,70,30,7,2.919891313200096,-37.970255055659194,58.791208791208796,364
7,150,25,70,30,10,0.19124719075005459,-34.022333996356515,57.86407766990291,515
7,150,25,70,30,15,-19.981929180799906,-38.1196082682885,56.91987513007284,961
7,150,25,75,10,7,-45.54111822009991,-52.23907267667771,45.903614457831324,830
7,150,25,75,10,10,-44.19000920684982,-59.63724527343193,46.88405797101449,1380
7,150,25,75,10,15,-38.50687576079985,-56.08333926442437,47.037974683544306,1975
7,150,25,75,20,7,-51.60478075829993,-72.2357947294864,51.72872340425532,752
7,150,25,75,20,10,-38.01981674954988,-63.08601222289935,51.91675794085433,913
7,150,25,75,20,15,-33.568043532499935,-49.66172524726626,52.66175266175266,1221
7,150,25,75,30,7,-34.24483594609995,-58.33073559415228,55.397148676171085,491
7,150,25,75,30,10,-23.208156088499887,-50.825103149003425,54.89864864864865,592
7,150,25,75,30,15,-19.734402537249817,-41.20148580072917,55.940594059405946,808
7,150,25,80,10,7,-50.27796209124988,-63.380195445086606,44.17293233082707,1064
7,150,25,80,10,10,-48.79477099509989,-56.959133495492296,44.87972508591066,1455
7,150,25,80,10,15,-34.37180060354989,-54.618849103772135,46.130653266331656,1990
7,150,25,80,20,7,-24.986797652599936,-60.616564657447526,51.386321626617374,541
7,150,25,80,20,10,-33.031891058999896,-57.683874768110044,49.926578560939795,681
7,150,25,80,20,15,-23.149229575099927,-57.95412492476082,49.96138996138996,1295
7,150,25,80,30,7,13.942734333950057,-45.25411356203766,53.52480417754569,383
7,150,25,80,30,10,1.6935283665000744,-46.096929719433795,53.92156862745098,510
7,150,25,80,30,15,-18.088468797599955,-43.40989725368401,53.54430379746835,790
7,150,30,70,10,7,-26.40763868639986,-48.000071902296135,47.03087885985748,842
7,150,30,70,10,10,-32.27788462209992,-46.55873034099267,48.07098765432099,1296
7,150,30,70,10,15,-17.803159772049803,-48.29299639376819,48.811256671518684,2061
7,150,30,70,20,7,-0.8661170724999945,-41.220001260567074,54.81611208406305,571
7,150,30,70,20,10,-8.319010708499963,-38.6320148723519,55.23012552301255,717
7,150,30,70,20,15,-27.078869323599964,-42.76898046195596,54.63659147869674,1197
7,150,30,70,30,7,16.046870920050083,-33.572481216815945,59.894459102902374,379
7,150,30,70,30,10,5.961216773650069,-33.78073493377866,58.778625954198475,524
7,150,30,70,30,15,-3.852324044399902,-26.561703511593766,56.2107904642409,797
7,150,30,75,10,7,-32.258411703399894,-47.5846456251922,43.56894553881808,863
7,150,30,75,10,10,-38.529016995999946,-49.06584638234519,46.67817083692839,1159
7,150,30,75,10,15,-35.567135325149934,-53.606290946342504,46.959122632103686,2006
7,150,30,75,20,7,-26.80934988054995,-49.862735886260936,52.14408233276158,583
7,150,30,75,20,10,-25.72887700174984,-53.92697493141698,53.2608695652174,920
7,150,30,75,20,15,-33.36803935039987,-47.51291111447316,52.76292335115864,1122
7,150,30,75,30,7,-17.12377811204997,-49.19302607749015,55.26315789473685,570
7,150,30,75,30,10,-10.4976028296499,-46.73640017015025,55.44041450777202,772
7,150,30,75,30,15,-13.5616620193999,-33.65401363461184,55.65819861431871,866
7,150,30,80,10,7,-22.818552194549923,-55.33269907061833,45.0920245398773,978
7,150,30,80,10,10,-40.12840927114988,-56.951222123368176,43.91447368421053,1216
7,150,30,80,10,15,-40.730536728449906,-54.69799473854191,45.78495709237759,1981
7,150,30,80,20,7,-30.860987818949948,-62.718059257286605,49.7553017944535,613
7,150,30,80,20,10,-26.77234486779997,-57.3722038918947,49.25373134328358,804
7,150,30,80,20,15,-30.515992630199907,-54.96398615050253,49.373433583959894,1197
7,150,30,80,30,7,-18.37183155524994,-53.566398830265236,54.807692307692314,416
7,150,30,80,30,10,-15.673561158599947,-40.57287907706106,54.43037974683544,553
7,150,30,80,30,15,16.98207160315006,-34.29099578463568,55.01858736059479,807
7,200,20,70,10,7,-61.568216754499836,-65.72654109084984,46.353646353646354,1001
7,200,20,70,10,10,-53.420569635049816,-64.54114498031306,47.93244030285381,1717
7,200,20,70,10,15,-53.666944274049975,-61.00880142110101,47.22838137472284,2255
7,200,20,70,20,7,-60.68030647484992,-69.07498762389991,53.78031383737518,701
7,200,20,70,20,10,-49.502129084799904,-61.0019240634887,54.103053435114504,1048
7,200,20,70,20,15,-37.85252203154985,-53.319819228872014,55.17482517482517,1430
7,200,20,70,30,7,-46.10383253479995,-57.7182636552229,56.209150326797385,612
7,200,20,70,30,10,-38.062236614199875,-50.49811823139204,56.313131313131315,792
7,200,20,70,30,15,-40.18166654144992,-51.57782278388849,55.564924114671165,1186
7,200,20,75,10,7,-62.232337351949866,-70.74767517519989,46.03174603174603,1260
7,200,20,75,10,10,-62.67655984254992,-68.27041229659993,45.49156486329261,1719
7,200,20,75,10,15,-51.56665471689985,-59.923799539474146,44.95703301673451,2211
7,200,20,75,20,7,-63.67653262839992,-71.08475497119994,51.9893899204244,754
7,200,20,75,20,10,-41.952235130799906,-60.597879827599954,52.716873212583415,1049
7,200,20,75,20,15,-40.94491373569987,-59.08543964527385,52.66805266805267,1443
7,200,20,75,30,7,-52.48441798734991,-60.389572609751376,55.59105431309904,626
7,200,20,75,30,10,-59.58532932509992,-64.99350491608618,54.15754923413567,914
7,200,20,75,30,15,-55.55419799639986,-58.32900355719987,53.75103050288541,1213
7,200,20,80,10,7,-61.052446100099836,-72.88522367179985,44.4624090541633,1237
7,200,20,80,10,10,-56.70818721149984,-70.87983521074986,44.73229706390328,1737
7,200,20,80,10,15,-50.38116433879968,-62.07837028649972,43.989431968295904,2271
7,200,20,80,20,7,-62.6208253476499,-71.9130558549499,47.6038338658147,626
7,200,20,80,20,10,-48.75020047584994,-62.55759580309997,48.20457018498368,919
7,200,20,80,20,15,-42.12540440579994,-62.93504171469997,48.68887313961729,1411
7,200,20,80,30,7,-61.899076392299946,-71.07372259529996,48.8517745302714,479
7,200,20,80,30,10,-35.83034613649988,-57.33965695579991,50.849858356940516,706
7,200,20,80,30,15,-52.2437717128999,-64.58801102804993,50.74496056091148,1141
7,200,25,70,10,7,-52.95625455149988,-59.07222491275812,47.83445620789221,1039
7,200,25,70,10,10,-53.73010566954986,-63.356999424745574,48.6438679245283,1696
7,200,25,70,10,15,-26.284587185399833,-51.27743389331586,49.79149291075897,2398
7,200,25,70,20,7,-45.691267890949916,-64.56398812264361,54.88721804511278,665
7,200,25,70,20,10,-46.8177877104499,-62.96562822713507,54.7752808988764,1068
7,200,25,70,20,15,-32.08289770464988,-53.920561399337984,55.80215599239061,1577
7,200,25,70,30,7,-25.72093229844996,-52.683110919689625,57.45526838966203,503
7,200,25,70,30,10,-36.64731909629984,-51.35702109329293,56.916099773242635,882
7,200,25,70,30,15,-22.104504368649913,-50.47388165984129,58.97435897435898,1326
7,200,25,75,10,7,-59.043165131799825,-71.97358261382475,46.17996604414261,1178
7,200,25,75,10,10,-48.542643973949836,-63.6040061047893,47.5206611570248,1694
7,200,25,75,10,15,-37.31183953894981,-54.23993066393228,47.65013054830287,2298
7,200,25,75,20,7,-70.35466635729992,-77.91502959323994,51.87667560321716,746
7,200,25,75,20,10,-45.83051241789988,-66.51247006486614,53.333333333333336,990
7,200,25,75,20,15,-39.28873262539994,-60.25822097429573,54.052287581699346,1530
7,200,25,75,30,7,-19.92893819144993,-47.26120180955139,56.22406639004149,482
7,200,25,75,30,10,-29.111153704599868,-55.925145053731825,56.801909307875896,838
7,200,25,75,30,15,-35.81926916609992,-58.060269079424955,56.35400907715582,1322
7,200,25,80,10,7,-76.03121647599987,-78.15637417268681,43.31641285956007,1182
7,200,25,80,10,10,-56.24158301724983,-65.23403821945139,45.587375803623615,1711
7,200,25,80,10,15,-36.56833757444985,-55.447178702669916,45.98155467720685,2277
7,200,25,80,20,7,-39.81942124509995,-53.98010153565508,50.0,592
7,200,25,80,20,10,-36.17878449169988,-60.72941106040036,49.187935034802784,862
7,200,25,80,20,15,-44.47838388824985,-55.290208907297576,49.43138741470811,1319
7,200,25,80,30,7,-25.970228316249887,-55.92643636840664,51.80180180180181,444
7,200,25,80,30,10,-33.22415883089992,-51.63893045832696,51.6642547033285,691
7,200,25,80,30,15,-4.4748605823499155,-58.634982429172666,54.62878093492209,1091
7,200,30,70,10,7,-57.393445362299886,-57.931293577391294,47.63948497854077,932
7,200,30,70,10,10,-57.897808736749845,-60.34509990556395,48.04548685145701,1407
7,200,30,70,10,15,-56.43179204159989,-64.95999241514386,48.180314309346564,2418
7,200,30,70,20,7,-36.83668747554991,-62.68442542168846,55.660377358490564,742
7,200,30,70,20,10,-24.43784455434994,-51.678964968032616,55.762081784386616,807
7,200,30,70,20,15,-41.85782779249993,-52.3101393951124,55.37010159651668,1378
7,200,30,70,30,7,-50.033355102749944,-62.518629238802305,55.55555555555556,567
7,200,30,70,30,10,-45.84241903039993,-50.517409206876906,54.76839237057221,734
7,200,30,70,30,15,-34.32518027239991,-47.26621212616729,57.409133271202236,1073
7,200,30,75,10,7,-57.04009820914986,-63.680291502281705,46.69642857142857,1120
7,200,30,75,10,10,-60.623896764499904,-64.25104497877459,46.10951008645533,1388
7,200,30,75,10,15,-52.73862952829988,-60.837651074326025,46.69811320754717,2332
7,200,30,75,20,7,-61.623336505349954,-74.03004180033356,53.635116598079556,729
7,200,30,75,20,10,-56.447574891049946,-64.75427386049411,52.32163080407701,883
7,200,30,75,20,15,-48.2717508774999,-63.66522588804783,52.38095238095239,1449
7,200,30,75,30,7,-46.25475196214997,-56.63769033362108,55.61904761904762,525
7,200,30,75,30,10,-48.31249237629991,-56.576972798555005,53.71669004207573,713
7,200,30,75,30,15,-38.929062728049956,-45.50248095906301,55.39070227497527,1011
7,200,30,80,10,7,-53.05271906274987,-64.7635523552906,46.43179765130985,1107
7,200,30,80,10,10,-50.81645048109987,-59.22401776965256,45.611510791366904,1390
7,200,30,80,10,15,-60.28411162029986,-65.38730738574657,44.80549199084668,2185
7,200,30,80,20,7,-40.56193624544995,-55.67787570636782,50.75757575757576,528
7,200,30,80,20,10,-36.23970841744993,-47.156016785563494,50.83102493074792,722
7,200,30,80,20,15,-38.61690161484989,-54.782314780292,50.16611295681063,1204
7,200,30,80,30,7,-18.864120752549972,-49.061676515098135,54.27350427350427,468
7,200,30,80,30,10,-34.596269924149915,-47.9094884346991,51.50442477876106,565
7,200,30,80,30,15,-28.434585038649928,-48.771212996714155,53.298429319371735,955
