BuyDate,SellDate,Name,Ticker,BuyPrice,SellPrice,Shares,PnL_Amount,PnL_Pct,HoldingDays,BuyRSI,SellRSI
2025-12-12,2025-12-16,메지온,140410.KQ,71400.0,97000.0,70946,1788714673.6400003,35.27083909526454,4,27.86126675470163,83.28975204353841
2025-06-13,2025-07-08,파마리서치,214450.KQ,432240.15625,586291.125,7802,1183618603.2582407,35.05755090098755,25,25.69729152613766,85.065860760156
2025-11-07,2025-11-13,하나머티리얼즈,166090.KQ,37250.0,46500.0,116482,1055407001.375,24.296052827838587,6,18.898040065224194,80.08780150957982
2025-09-17,2025-09-23,오스코텍,039200.KQ,39650.0,47800.0,94851,754428966.4575005,20.03706456364589,6,28.684473147158457,81.88305791417753
2025-12-03,2025-12-11,올릭스,226950.KQ,121400.0,140200.0,40385,735764622.5999994,14.98997734154321,8,34.50795038129979,75.18879185841915
2024-08-05,2024-08-26,보로노이,310210.KQ,58900.0,83500.0,27497,667331292.2799997,41.15681228047845,21,18.09059069145438,81.36817773479171
2025-04-15,2025-04-30,코나아이,052400.KQ,30750.0,39100.0,76511,626737752.4474998,26.60833537366986,15,25.811082393809315,72.76625941693236
2024-12-13,2025-01-13,비에이치아이,083650.KQ,13240.0,17180.0,159488,617323343.6159999,29.200988349802557,31,30.21760952599351,74.33752290043206
2024-06-07,2024-06-21,제룡전기,033100.KQ,59227.34765625,80461.59375,29280,612323288.6599689,35.26860393513238,14,23.539583927692945,84.75880543687099
2024-11-25,2024-12-12,펩트론,087010.KQ,80500.0,105900.0,23956,598273311.0399997,30.987767793745252,17,24.9577687058935,71.98911194746037
2025-07-04,2025-07-28,비에이치아이,083650.KQ,36950.0,42900.0,97422,562356073.6950002,15.60417292779069,24,18.254138242800693,74.10319221253927
2025-06-04,2025-06-11,디앤디파마텍,347850.KQ,82100.0,97400.0,37690,561534829.75,18.126261985075264,7,25.42416150605527,78.08389286554694
2025-06-09,2025-06-12,엘앤씨바이오,290650.KQ,25879.314453125,30425.6796875,121614,537626687.5032196,17.0626045828162,3,34.94745625661008,71.60737912144833
2025-10-15,2025-11-04,오스코텍,039200.KQ,41600.0,47050.0,101122,531290184.7050004,12.615186045662883,20,27.947278221119447,83.34645565151051
2025-03-21,2025-04-10,올릭스,226950.KQ,39450.0,48250.0,57870,497835066.1500001,21.781402591076034,20,22.488432099315304,73.81233070231582
2025-04-15,2025-04-22,네이처셀,007390.KQ,27400.0,33250.0,85866,490617072.16499996,20.829157782418832,7,33.96242058130744,73.43317818887425
2024-09-27,2024-10-08,올릭스,226950.KQ,17280.0,21600.0,110561,467903881.36800003,24.463117414972785,11,30.872288812217363,81.95524023926919
2025-01-13,2025-01-17,쏠리드,050890.KQ,5798.0458984375,7048.994140625,382438,467368361.66017056,21.053168705476647,4,23.259959636089604,78.14620989825295
2025-04-16,2025-04-22,메지온,140410.KQ,32500.0,39050.0,71289,455509441.9575,19.637778093653836,6,25.65302371797877,77.07514341336997
2025-09-15,2025-10-10,비에이치아이,083650.KQ,48050.0,54000.0,79326,454112990.9549999,11.900242920433381,25,21.59520840839474,76.25486991485117
2024-08-29,2024-09-19,바이넥스,053030.KQ,21750.0,27000.0,87239,448403007.56250024,23.604751087972982,21,32.621719417430015,87.49734316911581
2025-09-08,2025-09-15,엔켐,348370.KQ,71100.0,79600.0,51018,416689259.90999985,11.474139479401778,7,34.8023515840942,74.48793054322641
2025-06-02,2025-06-09,우리기술투자,041190.KQ,6870.0,7870.0,429758,415708781.2220001,14.064015610577679,7,33.108574668230276,81.16176061066966
2024-11-04,2024-11-06,솔트룩스,304100.KQ,16670.0,20250.0,116879,408730771.918,20.953959335486445,2,26.075624989752697,82.03977101555762
2025-11-10,2026-01-02,하나마이크론,067310.KQ,24350.0,26650.0,184215,403071630.75,8.97550978592278,53,19.631088289100006,73.73882989302915
2025-02-10,2025-03-05,성광벤드,014620.KQ,25600.0,29800.0,97453,397285670.5699997,15.906278092693391,23,19.188234165978628,75.18676994615713
2024-05-24,2024-06-07,원익QnC,074600.KQ,32635.779296875,40621.1328125,50124,391962953.413044,23.933497080745507,14,31.27900644230155,85.444188031871
2025-10-02,2025-10-15,RFHIC,218410.KQ,28813.859375,31705.21484375,139390,384486142.1762676,9.561994494591213,13,25.869019204591126,74.10915011782626
2024-06-17,2024-06-21,보로노이,310210.KQ,41400.0,50300.0,42768,371822639.76,20.97574504295905,4,28.43405193442767,76.29784943221645
2021-12-20,2021-12-28,위메이드맥스,101730.KQ,33650.0,46300.0,29625,369289178.4375,37.00189804013646,8,15.108072183767874,76.65757310817928
2025-04-28,2025-06-02,솔트룩스,304100.KQ,30400.0,34850.0,83309,358667113.6125002,14.145780050310572,35,24.558255792390895,71.11468406402648
2025-05-27,2025-06-04,LS마린솔루션,060370.KQ,17880.0,20100.0,162073,346207862.9790001,11.93327337990841,8,18.578106578141117,70.54610446376904
2025-10-14,2025-10-27,디앤디파마텍,347850.KQ,178100.0,193300.0,22695,326496851.55000067,8.06836876502748,13,26.559987456915465,75.68424334099214
2025-06-11,2025-06-24,유진로봇,056080.KQ,10460.0,11470.0,326296,313844707.7880001,9.184853288698879,13,33.579067388573336,81.50676869304611
2025-04-22,2025-05-07,데브시스터즈,194480.KQ,37700.0,42150.0,69114,295384423.96500015,11.323509793975662,15,24.498533129002382,80.79191783796725
2024-07-17,2024-07-24,카페24,042000.KQ,29400.0,33950.0,66918,295058024.2049999,14.98021323097485,7,14.499133308000935,71.81992043872233
2025-06-05,2025-06-11,리가켐바이오,141080.KQ,107400.0,118000.0,28831,291331200.49000025,9.39774938522748,6,27.717802500608826,72.88098669547792
2025-11-17,2025-12-01,선익시스템,171090.KQ,46850.0,49900.0,102588,291240920.25,6.052671231712132,14,16.724967413191763,74.01777251423631
2025-04-23,2025-05-14,유일로보틱스,388720.KQ,72700.0,81100.0,35390,285276312.7000003,11.075200245989476,21,32.684852667931494,83.6336520940784
2025-01-17,2025-02-10,코나아이,052400.KQ,21073.548828125,23707.7421875,110619,280450070.87913895,12.016804519934501,24,16.89991138407383,72.68310305282802
2025-09-19,2025-10-27,동성화인텍,033500.KQ,29700.189453125,31969.640625,131344,280365797.2762017,7.178875504585483,38,31.442648806676118,77.28619164894005
2024-04-09,2024-05-07,미코,059090.KQ,11180.0,13330.0,133724,280172306.63400006,18.71866584197404,28,21.950696273013207,82.07790928763521
2024-12-04,2024-12-13,디어유,376300.KQ,34466.5078125,39340.55859375,58625,276152566.39738774,13.651167447807946,9,23.855898989699,73.95517704293195
2025-11-10,2025-12-03,심텍,222800.KQ,53592.05859375,57085.0234375,83699,272148650.4513664,6.060191172676916,23,26.171997165125276,70.42310484361072
2025-10-10,2025-11-10,인카금융서비스,211050.KQ,12204.798828125,13048.2197265625,332900,262419573.03751516,6.451380428562661,31,32.359786513638284,78.13313958206777
2025-05-16,2025-05-26,인텔리안테크,189300.KQ,38781.83984375,42625.0859375,71467,261882099.46911097,9.43784198453599,10,32.11712838708503,72.02590860694562
2025-06-25,2025-07-04,엘앤씨바이오,290650.KQ,27677.875,29726.23828125,129459,248936202.89757013,6.939431889324667,9,32.01625114774173,70.95019829946519
2024-05-07,2024-05-21,씨앤씨인터내셔널,352480.KQ,76383.2578125,88194.1015625,21733,248738348.68624306,14.966689114274653,14,32.401187160656406,78.33187548692877
2024-08-26,2024-08-28,현대바이오,048410.KQ,9460.0,10775.0,194652,247243028.69700003,13.411424113854691,2,33.410954857856424,72.39159898045551
2025-01-31,2025-02-07,덕산네오룩스,213420.KQ,27650.0,30700.0,83351,243509738.12249994,10.55385763876063,7,18.583547248924106,74.26156170881913
2024-02-19,2024-02-28,이오테크닉스,039030.KQ,169393.046875,200924.21875,7805,239640494.232754,18.10475148131337,9,33.16350828004626,81.8001948455841
2023-12-12,2023-12-21,알테오젠,196170.KQ,72100.0,88100.0,15285,239050827.4499998,21.6665813510025,9,31.693546909327324,88.36824914240034
2025-04-30,2025-05-27,올릭스,226950.KQ,47200.0,51700.0,55494,237673310.30999994,9.063443565323603,27,34.11826999873155,78.0288165315342
2025-10-27,2025-10-29,솔브레인,357780.KQ,275000.0,291500.0,15397,235043288.4250002,5.5447235678969236,2,33.88542396744498,76.06737200809107
2024-12-18,2025-01-03,엠로,058970.KQ,62200.0,69200.0,34956,234571888.44000006,10.776176528824651,16,34.13792753515892,71.85809399300875
2024-11-25,2024-12-04,안랩,053800.KQ,55722.0,62735.2890625,34609,233665868.36099553,12.102647408896946,9,19.146198916133017,70.36938452763059
2025-05-08,2025-06-05,코미코,183300.KQ,58200.0,63400.0,46000,226934560.0,8.466826723151536,28,31.72596657470028,76.07126082802966
2025-11-04,2025-11-17,피에스케이홀딩스,031980.KQ,48358.46875,51017.69140625,91518,223569751.3514967,5.0458557497140255,13,26.996563105234273,70.13325327036101
2024-09-11,2024-09-19,에스티팜,237690.KQ,96243.6796875,108870.6875,17886,217733162.59388208,12.633974140298509,8,23.06411465508431,72.92538799040909
2023-12-18,2024-01-10,NHN KCP,060250.KQ,9534.392578125,11475.1435546875,114829,217444755.74092913,19.838332889926775,23,25.69370948579669,87.33631621450023
2023-11-06,2023-11-08,코스메카코리아,241710.KQ,33148.921875,40188.078125,31610,217301128.80793762,20.71423632335493,2,30.030772700597666,74.45878197901342
2024-02-13,2024-02-20,시노펙스,025320.KQ,6648.52587890625,7873.01611328125,181332,216155800.37357402,17.908859409117667,7,31.027440333913503,78.91260474227501
2024-06-21,2024-06-27,에프에스티,036810.KQ,33615.55078125,37573.1953125,55881,212383065.52773118,11.293182141018535,6,22.893769460629954,70.55559625309444
2025-06-09,2025-06-25,네오위즈,095660.KQ,23800.0,25450.0,132239,203973698.53750038,6.473490360035552,16,24.128888191711013,74.06009304739047
2021-11-09,2021-11-15,동진쎄미켐,005290.KQ,30745.185546875,36884.4765625,33607,201230245.3917513,19.45302929303317,6,26.319863023689607,79.67981324700412
2024-09-25,2024-10-10,지아이이노베이션,358570.KQ,11109.0908203125,12336.36328125,170617,200583736.8810463,10.570505283152318,15,32.60762662108448,75.60107515293221
2025-10-27,2025-11-10,펄어비스,263750.KQ,34950.0,36750.0,121154,199182627.92999983,4.698588040062936,14,32.32794253362189,73.25104931619684
2024-03-28,2024-04-09,에코앤드림,101360.KQ,44166.66796875,50333.33203125,33190,197723530.4041407,13.472783030403113,12,18.209066053196636,70.05284167340895
2023-08-18,2023-08-24,삼천당제약,000250.KQ,60100.0,73500.0,15057,197237063.5200001,21.770903560738773,6,21.013519717797365,80.27707229760306
2024-06-26,2024-07-08,우리기술,032820.KQ,2120.0,2340.0,928373,195135649.24300003,9.90328103812691,12,25.552350356210923,77.52941330247465
2025-11-13,2025-12-01,서진시스템,178320.KQ,24600.0,25700.0,196834,195014269.67000008,4.022833091538229,18,23.36114918172325,73.2920417473216
2023-08-08,2023-09-01,가온칩스,399720.KQ,39200.0,47950.0,22521,192641875.17750013,21.79605061322338,24,21.31833067367147,78.7980210294685
2021-04-05,2021-04-09,웹젠,069080.KQ,35604.5390625,44186.1484375,22780,191385663.99925005,23.569543117816714,4,29.768891119643087,85.81143688064545
2020-11-04,2020-11-10,신성델타테크,065350.KQ,5333.646484375,6874.048828125,124849,188848519.6356778,28.32729711915787,6,24.89835879125205,84.67272214023306
2024-08-26,2024-08-28,HK이노엔,195940.KQ,39519.48046875,43679.42578125,46594,185300038.24743748,10.051598556396984,2,33.35542656223241,75.48263270745615
2023-09-01,2023-09-11,알테오젠,196170.KQ,43750.0,51900.0,23063,183032638.25749993,18.11905451587816,10,32.70273363498859,87.32902825339032
2025-03-17,2025-03-27,스튜디오드래곤,253450.KQ,46300.0,50200.0,49283,181786505.875,7.957641369013108,10,26.943207237262754,76.151268522675
2023-11-27,2023-12-01,위메이드맥스,101730.KQ,11200.0,13070.0,97677,177376499.31150007,16.195210329549596,4,30.97070507909875,78.70367159860666
2024-06-26,2024-07-17,브이티,018290.KQ,32350.0,35400.0,60839,176511430.21249986,8.958129372242007,21,26.554250242331307,81.67100469895229
2025-02-07,2025-02-14,우리기술,032820.KQ,1940.0,2085.0,1276964,173924093.0050001,7.01261847844052,7,27.638893690901085,70.44891040318845
2020-12-29,2021-01-08,우리기술투자,041190.KQ,4725.0,5790.0,158797,165359722.71675003,22.013367167439988,10,32.00630932139535,79.49071999939508
2025-09-05,2025-09-16,에코프로비엠,247540.KQ,116600.0,122300.0,30975,160471098.375,4.438005213387109,11,12.749884393551511,70.02230480973745
2019-09-20,2019-09-30,HLB,028300.KQ,18262.7265625,25069.744140625,23896,160271565.20699614,36.68313974299797,10,33.39211213753619,88.943475599324
2025-06-13,2025-07-10,콜마비앤에이치,200130.KQ,14529.400390625,15265.822265625,232112,155892390.1451969,4.617219045519497,27,25.71939244759926,76.09541229213005
2024-09-02,2024-10-14,서울반도체,046890.KQ,9287.5390625,10112.2255859375,198433,155204835.86262894,8.411850498570631,42,29.7457699044959,90.5659518889313
2024-05-07,2024-05-24,휴젤,145020.KQ,198700.0,217500.0,8354,149422734.98000002,8.991355964797505,17,33.53373894280584,74.92091013881777
2023-12-12,2023-12-27,펩트론,087010.KQ,33350.0,37950.0,33045,146789359.72500014,13.304355163975234,15,34.10246195345805,78.0842324374735
2025-05-14,2025-06-02,넥슨게임즈,225570.KQ,12730.0,13440.0,222324,145183018.9380002,5.1239150389463815,19,32.61520962297686,79.06993122873914
2023-06-12,2023-06-19,펩트론,087010.KQ,7650.0,9030.0,107286,144059134.788,17.532230092256647,7,32.020774394539444,86.39723325396065
2023-02-02,2023-02-06,인카금융서비스,211050.KQ,1236.837646484375,1478.8662109375,589375,139061718.47330475,19.054784191693994,4,31.208538431202385,93.80180228202019
2024-05-07,2024-06-26,테스,095610.KQ,22986.166015625,25015.744140625,72220,138976155.4596212,8.362133922850083,50,33.224179692466834,79.50958513661675
2024-03-21,2024-03-27,휴젤,145020.KQ,177900.0,196100.0,7900,137283830.0,9.757020011584766,6,17.86403889286653,72.38807808740573
2024-06-21,2024-06-26,동국제약,086450.KQ,17770.0,19130.0,105710,135235331.5500002,7.190970676350232,5,26.240354245950883,78.3054165724167
2024-04-23,2024-05-07,하나머티리얼즈,166090.KQ,51700.0,56700.0,28266,134600996.03999996,9.200135511473215,14,16.01541876329462,72.53613728808554
2024-02-28,2024-03-07,서진시스템,178320.KQ,19970.0,22000.0,68812,133339386.41400003,9.69208144734707,8,20.530735164047428,75.86353073239985
2021-09-02,2021-09-08,에코프로비엠,247540.KQ,73297.8359375,83067.59375,14144,133290260.87487507,12.84209463538649,6,22.965936730304975,72.15384094809377
2024-04-09,2024-04-18,동성화인텍,033500.KQ,11530.0341796875,12597.630859375,129664,131564174.46593142,8.789992075695396,9,23.482679932879194,80.80797728877232
2021-09-30,2021-10-07,감성코퍼레이션,036620.KQ,1565.0,1770.0,662262,130879362.1845001,12.613274287285286,7,21.099073748750158,76.922539412125
2020-10-22,2020-11-04,오스코텍,039200.KQ,42100.0,51400.0,14331,130264132.42499995,21.565876201987656,13,18.338783759344665,82.924934507087
2023-12-27,2024-01-10,엠로,058970.KQ,67400.0,74900.0,17777,127755388.23500013,10.65029666921617,14,24.098180337275508,71.84048306421252
2024-03-27,2024-04-09,인카금융서비스,211050.KQ,4017.23046875,4399.357421875,350821,127575762.73463273,9.041837377010213,13,20.990090503484197,78.10055657721878
2023-05-18,2023-05-31,레이크머티리얼즈,281740.KQ,12866.4140625,14979.2568359375,59998,123047602.57046878,15.921343324035284,13,26.679690877696686,75.46725613456613
2025-09-23,2025-10-02,미코,059090.KQ,15550.0,16090.0,260956,123023530.9039998,3.0282474190051167,9,31.451522099232378,70.28962845595872
2025-12-09,2025-12-26,보로노이,310210.KQ,222000.0,228500.0,22218,122752783.65000057,2.4858462317884102,17,34.005533586966834,73.26123875830734
2020-07-21,2020-08-11,필옵틱스,161580.KQ,12593.044921875,15716.5166015625,39974,122299759.48037785,24.26711177607021,21,33.70356649134163,88.05198398285668
2023-08-03,2023-08-08,성광벤드,014620.KQ,14803.7958984375,16955.453125,58607,121974247.14091063,14.042564088238024,5,26.308542564146947,78.8058095388426
2023-03-30,2023-04-12,셀트리온제약,068760.KQ,72323.21875,84377.0859375,10320,120794647.10521877,16.165572668706055,13,29.886720781795134,82.76509696643521
2020-06-19,2020-07-03,씨젠,096530.KQ,43795.6953125,56596.18359375,9408,118275920.14323747,28.67269065793781,14,20.94562964395425,87.02448561047194
2020-08-14,2020-09-16,씨젠,096530.KQ,94783.6171875,114605.140625,6089,117831381.44013786,20.393067892749578,33,18.930598219663466,77.62212926629935
2020-12-10,2020-12-17,우리기술투자,041190.KQ,4755.0,5550.0,148743,114836921.59275007,16.217926671394153,7,22.791609200835424,78.56985825191549
2021-06-09,2021-06-21,골프존,215000.KQ,81381.6953125,92211.65625,10992,114821390.73556876,12.820949770605544,12,15.663011500741035,76.18596734057093
2021-05-10,2021-05-28,피에스케이홀딩스,031980.KQ,9757.337890625,11052.560546875,87912,109818452.99050319,12.787824425228223,18,22.539147601143696,73.31297027925457
2021-08-24,2021-10-08,에코프로에이치엔,383310.KQ,90110.8203125,101012.8828125,10391,108900220.34784293,11.61703555969566,45,25.271962980707045,73.82998727685914
2021-10-21,2021-11-04,에코프로비엠,247540.KQ,101472.2421875,112475.546875,10288,108356442.69054389,10.367579509273089,14,26.90906733022686,80.69520780764238
2022-04-26,2022-04-29,유티아이,179900.KQ,13621.85546875,15218.556640625,70175,107585123.0040747,11.241761822765154,3,21.21867558576716,78.00722555615748
2024-04-25,2024-06-04,티씨케이,064760.KQ,114857.09375,123520.0390625,13127,106877034.89584637,7.080467547964303,40,26.389859236791793,75.38130817034646
2021-12-06,2021-12-28,SOOP,067160.KQ,183120.71875,202595.484375,5660,105423165.78823447,10.15974918243449,22,23.75304395712844,71.24542532688537
2021-02-05,2021-02-15,큐렉소,060280.KQ,7570.0,8610.0,104109,104543446.857,13.249927708630452,10,24.52382261032801,77.4866748709045
2023-03-27,2023-04-05,메지온,140410.KQ,15350.0,17670.0,46529,104536099.42299998,14.619584871534542,9,23.110570626714676,72.93688755774286
2019-04-30,2019-05-13,우리기술투자,041190.KQ,3356.356201171875,4143.15771484375,133870,103065275.67155409,22.911942409760012,13,31.219135629534662,82.9976813816796
2022-10-28,2022-11-01,씨앤씨인터내셔널,352480.KQ,20911.005859375,23960.52734375,34889,102922486.03115475,14.091189994968737,4,31.991343654100064,78.71452152438783
2020-12-17,2020-12-30,오스코텍,039200.KQ,57400.0,65600.0,12896,102231105.5999999,13.7948502079751,13,27.74676083352837,71.45525324489284
2020-06-12,2020-06-19,위메이드맥스,101730.KQ,5530.0,6970.0,72389,102190465.46500003,25.498434485694084,7,15.359351396608346,75.86344678884751
2023-02-01,2023-02-10,씨앤씨인터내셔널,352480.KQ,27590.91015625,31705.34375,25656,102183543.28899848,14.418724123007662,9,30.08110980821003,82.87146435790976
2023-10-31,2023-11-23,동화기업,025900.KQ,24600.0,27280.0,39155,100463037.59000003,10.418011157088051,23,25.52079260882759,74.79808383421604
2023-07-04,2023-07-14,에스앤에스텍,101490.KQ,54614.38671875,61330.078125,15442,99750611.97246528,11.814240508472949,10,21.191854991371855,79.7556641930482
2023-03-29,2023-04-12,HLB,028300.KQ,31333.333984375,35666.66796875,23515,98409114.44519103,13.340883173404267,14,26.786167204274534,75.20845586628072
2023-08-01,2023-08-11,큐렉소,060280.KQ,17110.0,19160.0,49818,98139940.551,11.500331019094261,10,32.86150160654407,73.68352695035455
2023-08-03,2023-09-01,미코,059090.KQ,11250.0,12570.0,77121,97748322.50699997,11.253431886663666,29,25.496904697778447,81.73727370835991
2024-02-06,2024-02-19,RFHIC,218410.KQ,16873.259765625,18308.228515625,70639,95920244.69971538,8.038362571417789,13,19.932891360695294,76.64328476640927
2022-03-14,2022-03-22,주성엔지니어링,036930.KQ,22401.212890625,24815.13671875,41430,95703082.60173929,10.30007313173521,8,27.587526183826938,71.56476826193389
2024-12-09,2025-01-14,에스엠,041510.KQ,72612.515625,76752.4140625,24793,94575971.35023093,5.247362839522016,36,17.55583812214536,76.49624748481541
2025-07-22,2025-09-19,파크시스템스,140860.KQ,274357.46875,282338.78125,13897,94172106.77225018,2.4670916862555936,59,16.810618595636328,79.24137157366947
2020-11-04,2020-11-09,우리기술,032820.KQ,1135.0,1300.0,586700,93637173.32500005,14.045499657772426,5,34.12300434917856,74.52852032612874
2021-07-22,2021-08-06,차바이오텍,085660.KQ,25000.0,27500.0,39267,93637069.875,9.527543325176048,15,26.45073705503556,73.43614073880947
2024-03-07,2024-04-23,SOOP,067160.KQ,110475.40625,118500.9765625,12336,92831428.72411871,6.803868555585418,47,22.77675739111963,71.86892029594826
2015-10-12,2015-10-26,네이처셀,007390.KQ,3950.0,5070.0,77881,85629147.04699999,27.80314031269104,14,33.86384823022901,86.4867714881621
2022-10-04,2022-10-14,에코프로,086520.KQ,21704.029296875,24405.46875,32454,84367502.54903853,11.96375312803536,10,34.56196509479264,74.05224247057346
2021-03-26,2021-04-14,현대바이오,048410.KQ,22250.0,24775.0,34728,84089380.7700001,10.870066838865656,19,30.938723660914192,70.22815845373142
2021-07-01,2021-07-27,아난티,025980.KQ,9560.0,10400.0,105303,83847092.53799999,8.319365783742,26,21.790304399205397,80.48136670438225
2023-02-24,2023-03-17,원익IPS,240810.KQ,30596.541015625,34023.75390625,25289,83070623.3319242,10.723691940710838,21,25.80046287402959,78.77658454404677
2022-12-19,2022-12-23,리가켐바이오,141080.KQ,36500.0,41000.0,19135,82833023.125,11.846308252359101,4,28.886211902082678,74.14228988482279
2021-05-18,2021-06-21,셀바스AI,108860.KQ,4425.0,4865.0,197155,82723576.40750003,9.4712888088303,34,20.115581275473303,85.94131934118687
2020-09-16,2020-10-22,시노펙스,025320.KQ,4314.9658203125,4906.05712890625,144425,82419739.46661067,13.210289936507547,36,29.774085295862818,88.73455327568325
2021-03-26,2021-05-18,선익시스템,171090.KQ,15230.1376953125,16922.375,50736,82264221.28789926,10.633880727864753,53,24.720963983091195,84.65336198772467
2021-11-16,2021-12-06,에이비엘바이오,298380.KQ,21250.0,22950.0,51210,82103456.70000005,7.536133446536487,20,32.60366616696258,77.0885199215145
2023-07-14,2023-08-01,브이티,018290.KQ,8710.0,9590.0,95713,80377384.57499993,9.630429024990942,18,25.281092590817366,77.05641859869797
2023-09-01,2023-09-11,HK이노엔,195940.KQ,35672.515625,38669.79296875,28285,80172251.4513663,7.936609422839841,10,33.19304305453055,81.567765877826
2024-02-21,2024-02-26,셀트리온제약,068760.KQ,93062.9609375,98925.9296875,14589,79427325.50320077,5.843437415232662,5,29.058371046837763,73.12405283895684
2023-05-31,2023-06-12,메지온,140410.KQ,25000.0,27550.0,32603,79370943.90250003,9.726684313040009,12,32.45646138539708,71.01747850249308
2021-06-08,2021-06-15,와이지엔터테인먼트,122870.KQ,47236.75390625,51620.5546875,18775,78233054.97527826,8.811120626072466,7,25.70464093339001,77.5512327629298
2020-12-03,2020-12-08,동진쎄미켐,005290.KQ,28615.326171875,31918.966796875,24211,76753427.82951045,11.065911696193972,5,21.883988326082317,76.04595764089589
2017-11-10,2017-11-20,케이엠더블유,032500.KQ,7325.0,9175.0,42095,76304554.125,24.717990692955656,10,33.43819461068766,84.71984430553124
2021-04-13,2021-04-26,덕산네오룩스,213420.KQ,43300.0,47350.0,19737,76008223.1925,8.883669461412678,13,21.019373081468544,79.90119493840723
2021-11-04,2021-11-19,CJ ENM,035760.KQ,161230.734375,174167.8125,6219,75890669.51003194,7.559983429351479,15,17.580418010058267,80.42308117702986
2021-02-15,2021-03-08,엠로,058970.KQ,8050.0,8850.0,98403,75068204.59499991,9.465698297889093,21,15.957427340045044,81.71190476115927
2020-07-22,2020-08-05,덕산네오룩스,213420.KQ,33800.0,38950.0,14991,74781666.56249994,14.741737829897971,14,28.650820926352225,81.41478483589091
2021-03-09,2021-03-17,하나머티리얼즈,166090.KQ,30862.94921875,34137.0234375,23170,72546433.21093166,10.133359613422549,8,25.071674578679236,70.64286749528775
2020-08-05,2020-08-07,콜마비앤에이치,200130.KQ,53799.546875,61127.41796875,10250,72502865.04448247,13.132685189273149,2,33.244904431359785,75.16569396667718
2018-11-15,2018-11-20,리가켐바이오,141080.KQ,25350.0,30000.0,15832,71661133.62,17.834904061512695,5,33.24247296850564,70.28605912456891
2023-05-19,2023-06-01,제룡전기,033100.KQ,13615.966796875,14933.939453125,56867,71383574.72668052,9.208530681727996,13,25.01867292229916,71.95827886877395
2019-08-29,2019-09-04,쏠리드,050890.KQ,5703.224609375,6738.3984375,69774,70289571.58099395,17.643211812040544,6,31.38340921480078,80.9979007174953
2023-09-11,2023-09-15,씨앤씨인터내셔널,352480.KQ,61861.72265625,66218.1796875,17192,70087121.25761724,6.58249682761982,4,27.7994928483008,72.10324930277915
2023-06-27,2023-07-04,JYP Ent.,035900.KQ,123417.0703125,134385.28125,6725,69959957.58547854,8.419433368246708,7,18.60312334180763,70.87409535035107
2020-02-17,2020-02-18,씨젠,096530.KQ,13121.5849609375,15219.3232421875,34322,69835233.91537595,15.488756659071685,1,30.403076293781595,76.64653465648546
2020-04-24,2020-05-11,HLB,028300.KQ,39596.9140625,47192.546875,9424,69751169.03964376,18.67049020120305,17,30.506451482147583,87.53874658158682
2024-02-15,2024-03-21,케이엠더블유,032500.KQ,14400.0,15260.0,87465,69567124.51499987,5.5170650973602475,35,28.00226753967064,84.0595198300319
2020-01-14,2020-02-04,에스티팜,237690.KQ,26288.974609375,30295.83984375,17851,69283319.37350345,14.746648819484342,21,33.92155257239817,75.55648972296424
2023-02-16,2023-02-24,큐렉소,060280.KQ,7770.0,8500.0,98951,68700640.3145001,8.925250762138354,8,28.769766802445673,75.16037245812726
2021-06-17,2021-07-22,테크윙,089030.KQ,12171.1044921875,13094.59375,78368,68042586.33442962,7.125460007595248,35,28.632092363496284,78.63612513269709
2021-08-26,2021-09-02,펌텍코리아,251970.KQ,23955.091796875,25750.54296875,40169,67756611.51268804,7.033373286824385,7,19.53794234031281,70.62593866033268
2024-01-18,2024-02-19,리가켐바이오,141080.KQ,50400.0,53400.0,24225,67196031.75,5.497309046976929,32,17.902350264801214,73.86389775239284
2019-04-22,2019-04-30,에이비엘바이오,298380.KQ,29150.0,33800.0,14887,67140481.65250003,15.453951797628276,8,22.703259238986618,71.2674710744904
2020-07-09,2020-07-21,리가켐바이오,141080.KQ,46650.0,53500.0,10068,66728967.26999998,14.191241701196889,12,20.969205461237223,76.93027893319498
2018-02-22,2018-02-27,스튜디오드래곤,253450.KQ,75800.0,88600.0,5341,66408605.34000003,16.38450873843366,5,34.50255801593653,82.17681029492599
2020-04-14,2020-05-12,씨젠,096530.KQ,36004.0703125,42468.55078125,10396,65383561.27105701,17.448236856605046,28,31.435157309010037,73.92013604813673
2022-10-18,2022-11-01,제룡전기,033100.KQ,8449.22265625,9255.6572265625,85000,65242824.73950195,9.073982212103196,14,30.958474433802508,78.22870005000641
2022-11-28,2022-12-08,메디톡스,086900.KQ,108160.2890625,118407.0546875,6647,64804255.62036729,9.003489380954004,10,24.73862960836776,73.69018931823211
2021-03-17,2021-03-26,레이크머티리얼즈,281740.KQ,3209.12890625,3493.166748046875,239742,64573037.67358053,8.383411402512728,9,25.682977733884243,72.01747346472595
2014-10-13,2014-10-20,유진로봇,056080.KQ,4450.0,5750.0,48913,62450651.01000002,28.658503395252772,7,16.619487967801206,80.37700121642607
2021-05-28,2021-06-09,하림지주,003380.KQ,9891.4970703125,10634.51953125,88979,62120555.629146576,7.049959670298812,12,29.29398389309675,77.66554388935427
2019-01-21,2019-02-27,웹젠,069080.KQ,17437.091796875,20175.90625,23332,61951305.89006835,15.209862644516061,37,27.47704374748696,84.21479144853619
2021-07-29,2021-08-06,네오위즈,095660.KQ,25971.25,27650.0,39041,60973670.14556253,6.006609509330432,8,22.989645160411,71.29463493454051
2022-03-24,2022-04-13,스튜디오드래곤,253450.KQ,88500.0,94600.0,10647,60690402.04500008,6.433544926159783,20,32.714525334078004,72.37268487942518
2021-06-15,2021-07-01,코나아이,052400.KQ,41512.9375,44391.0390625,22494,60520779.82541478,6.473739315770278,16,28.69469475509517,80.34941379563783
2021-09-29,2021-10-14,엠로,058970.KQ,16150.0,17175.0,62925,59925129.28125,5.889983484936595,15,28.81997994412515,74.99553130178727
2023-11-09,2023-11-24,메가스터디교육,215200.KQ,56621.54296875,60100.0,18547,59796033.53253603,5.687453424125579,15,27.51108420288591,77.77145128574053
2017-07-20,2017-07-24,대주전자재료,078600.KQ,6708.78515625,8142.11669921875,42579,59609270.36157471,20.843723939757673,4,29.337770601774068,83.77995863634472
2022-06-29,2022-07-07,네오위즈,095660.KQ,23502.5,25329.375,34297,58992883.8868438,7.310217199800068,8,34.246855670619155,71.2400333324312
2021-01-18,2021-01-26,에스에프에이,056190.KQ,34272.45703125,37113.46484375,21940,58902034.374078155,7.824368198923853,8,21.34648843933273,71.87011832185455
2017-12-11,2017-12-13,제주반도체,080220.KQ,3745.0,4425.0,88895,58826666.27750003,17.650049572497647,2,30.395018561457135,86.89289632894607
2020-11-05,2020-11-16,데브시스터즈,194480.KQ,8547.3818359375,9305.6171875,80536,57912887.40305829,8.403358769528166,11,30.195901989343866,90.49757915375072
2017-12-22,2018-01-03,알테오젠,196170.KQ,5625.0,6611.111328125,60063,57589460.15386319,17.02606584545828,12,28.081404032887974,72.71140724290649
2023-12-21,2024-01-11,안랩,053800.KQ,64674.95703125,68115.34375,17981,56666171.83980656,4.867150020012972,21,30.612513780085806,80.41789101448067
2019-07-12,2019-08-08,NHN KCP,060250.KQ,8646.2314453125,9802.412109375,50441,56259868.70358527,12.885136331207317,27,21.610071880743604,71.98677598054867
2019-02-11,2019-02-19,위메이드,112040.KQ,15849.3671875,17973.048828125,27295,55923081.37341356,12.912101039047785,8,32.797295334549744,74.13148865059554
2018-04-16,2018-05-10,오스코텍,039200.KQ,25000.0,28400.0,16821,55202989.589999974,13.112081106727258,24,25.536136751095526,70.88003387492034
2022-07-29,2022-08-04,바이넥스,053030.KQ,14350.0,15400.0,55625,54789929.6875,6.856139829440046,6,25.995416130570035,77.90460650375368
2019-01-29,2019-02-08,제룡전기,033100.KQ,9274.6025390625,10567.6953125,43773,54678550.078416705,13.452909443452896,10,26.909672702081423,76.13548344245723
2023-12-15,2024-01-04,서진시스템,178320.KQ,17800.0,18790.0,59750,54392904.625,5.108403425947801,20,26.687301302051225,75.88806583241609
