rsi_window,buy_threshold,sell_threshold,sma_window,return,mdd,win_rate,trades
10,35,90,200,379.33697397905,-59.0011958217911,50.67497403946002,963
10,35,80,200,317.84070483275,-60.98840579648645,50.43144774688398,1043
10,35,80,100,304.00351320330003,-58.104100125564415,50.04830917874396,1035
7,15,85,200,292.40898140375,-54.02583427938402,55.816226783968716,1023
10,25,90,150,291.8526013686,-59.749635582863604,49.34354485776805,914
14,35,75,200,285.8087943134999,-59.91052371693745,50.56065239551478,981
12,35,80,200,285.39619132695,-59.30344686963702,49.94903160040774,981
9,35,90,200,274.5309982012501,-59.33418629480296,48.97959183673469,980
14,35,75,150,266.86119204105,-48.07474639184641,48.62104187946885,979
14,30,80,200,265.5978287808001,-45.06445775731962,49.61154273029967,901
10,25,85,150,251.6172814431999,-58.001605054929385,50.74786324786324,936
14,35,90,200,246.97121724644995,-51.32912589984875,50.43010752688172,930
10,25,80,150,245.52353136325013,-59.60117965476305,50.81799591002045,978
7,15,90,200,240.75741558335005,-58.22912428533225,53.17377731529657,961
14,35,80,150,230.1739483985001,-53.9959991287678,48.89589905362776,951
14,30,85,200,228.88218222819995,-46.27289205688421,50.39370078740157,889
12,30,90,200,217.6573448299001,-58.26030501646058,49.50819672131148,915
10,25,90,200,215.9935127668999,-63.71007689524968,51.94805194805194,924
12,35,75,200,210.39399285504993,-54.68794390446769,50.82604470359572,1029
7,30,85,200,209.00482048495007,-66.17687078446441,53.96260017809439,1123
7,15,80,200,201.3406648963,-62.12197735684296,56.721915285451196,1086
7,20,85,200,200.16296562744986,-68.24965842060669,54.911131898971,1069
14,30,75,200,197.16788247284995,-44.96080075074759,49.78165938864629,916
10,30,80,100,192.87257396014996,-63.377062404074046,50.943396226415096,1007
10,20,90,200,192.53334213614988,-58.80011275000056,51.39211136890951,862
10,25,80,200,185.7791101213502,-66.19516719715486,52.293577981651374,981
14,35,80,200,184.64724288364997,-60.73049054260745,48.68004223864836,947
7,10,80,200,183.8280351615499,-52.7862992157335,55.70264765784114,982
7,10,75,200,183.20164737509992,-51.64694768663411,57.91469194312796,1055
12,30,85,200,182.6223519255501,-60.712584503059205,50.9698275862069,928
8,35,90,150,180.16894421765,-58.400225796007376,50.49900199600798,1002
8,20,90,200,175.04017277050008,-60.4555242069861,49.68354430379747,948
14,35,85,200,174.53208890215004,-58.708819130467894,48.723404255319146,940
14,35,70,200,171.24584094190004,-61.16213192179685,50.58479532163743,1026
8,35,85,200,170.43441400495004,-63.29864963248914,51.652502360717655,1059
10,35,85,200,170.32799694629998,-59.61426904430489,49.18864097363083,986
10,20,85,200,169.92214409380017,-58.098125365980245,52.114285714285714,875
9,15,90,200,167.83156102084993,-45.75075477609396,50.91799265605875,817
14,30,90,200,167.74243175074997,-46.828844474973764,50.17026106696936,881
10,25,85,200,167.2289616172499,-66.48256385741793,49.94697773064687,943
7,30,75,200,164.31419831399995,-63.194813307793176,58.35866261398176,1316
12,35,90,200,162.90189839600004,-61.27709270295547,50.05313496280552,941
7,30,80,200,162.89595284135018,-70.81488613134248,55.88723051409619,1206
6,35,85,200,160.3821800765,-62.89306219102044,53.75816993464052,1224
8,15,90,200,156.41001385759995,-54.19540929654784,51.33928571428571,896
10,30,80,150,156.31119573094995,-65.91464133254976,49.017681728880156,1018
8,35,80,150,154.7659349968499,-68.38364659970756,54.6583850931677,1127
3,15,90,200,150.74072267340014,-42.55334314112159,60.02921129503408,2054
9,15,80,200,150.2203093971501,-46.93978629831544,52.12888377445339,869
8,25,90,200,149.61765269489996,-61.10667773956837,49.23076923076923,975
12,35,80,150,149.56382291525006,-63.11624332301816,47.357723577235774,984
8,15,85,200,148.93402957265005,-56.3020275048982,52.96655879180151,927
12,35,85,200,148.67256065124997,-62.75175794575774,46.89800210304942,951
14,35,70,100,148.66052262579998,-53.49766312067833,49.35579781962339,1009
7,25,75,200,148.1956376177501,-70.20067245455427,59.44272445820433,1292
8,15,80,150,147.6151818605499,-55.6865712394346,55.73770491803278,976
14,20,80,150,146.99139567795015,-34.974856231737114,49.81818181818182,550
8,25,75,200,146.8875958696,-59.54061417206403,56.70367207514945,1171
12,30,80,150,146.86907418330009,-52.47337407024691,48.35978835978836,945
10,10,80,200,145.72421478689995,-35.46359754638542,53.63457760314342,509
5,15,75,200,145.55380401635,-61.763461738585846,62.09773539928486,1678
12,35,85,150,145.51979055890004,-66.88185245375324,48.07090719499479,959
7,15,80,150,145.21954690670006,-54.46458625974623,55.93376264949402,1087
3,35,90,200,144.25660200575007,-49.86668683112123,59.98085208233604,2089
3,10,90,200,142.78133317149985,-48.72779029060668,59.77295162882527,2026
10,30,80,200,142.22588575975004,-69.21239275924526,49.608610567514674,1022
10,30,90,150,141.81390570434993,-63.3499202943916,47.36286919831223,948
5,30,80,200,141.67846927915,-60.67267464128796,61.712846347607055,1588
10,15,90,200,141.6081765677001,-47.16862084391285,48.36512261580381,734
10,30,90,200,140.83849522394996,-58.547913057900026,48.21052631578947,950
7,15,85,150,140.78228558869998,-53.525532896010695,53.90702274975272,1011
3,25,90,200,139.3554146178499,-45.1796765036629,59.95192307692307,2080
5,15,80,200,138.4439211417999,-61.94105240924318,61.3941018766756,1492
12,35,75,150,138.3443713790999,-65.20875028322509,50.0,1026
9,35,85,200,137.53678021270002,-61.73300404712495,49.01185770750988,1012
8,20,80,200,136.8177393629999,-67.52291017469935,53.735632183908045,1044
9,10,70,200,135.99222550135005,-40.665819609298296,55.861070911722145,691
9,25,90,200,135.79001582384996,-57.81781569316655,49.36305732484077,942
10,10,90,200,135.76203741454992,-34.92198986847275,51.012145748987855,494
10,10,70,200,132.81330652144993,-35.33007415894483,57.89473684210527,532
8,35,90,100,132.295334841,-65.0414804692836,48.90438247011952,1004
10,10,75,200,131.58506646929987,-35.92530520362692,55.96153846153846,520
10,35,75,200,130.27912167514995,-61.897945490032534,52.7124773960217,1106
12,10,90,200,128.87151549144997,-18.535644736028246,52.89855072463768,276
7,15,80,100,128.3853623654001,-61.83169381046844,56.03367633302152,1069
14,20,75,100,128.30287357385,-24.619741385266252,47.77070063694268,471
6,30,85,200,128.01497601860015,-64.60700640231069,53.71900826446281,1210
9,20,80,200,126.91713635759987,-62.158747541063086,50.92783505154639,970
3,20,90,200,126.76546770870002,-40.2634173888127,60.09685230024213,2065
10,35,85,100,124.97346995389992,-60.74557004881592,48.68421052631579,988
7,35,80,200,124.47838862544991,-65.71100384207547,54.69522240527183,1214
10,25,80,100,123.90996553240004,-65.08418063241386,50.63157894736842,950
5,30,90,200,123.90919079300006,-59.678625753205715,53.55987055016181,1236
10,35,90,150,123.71001588704998,-69.64847285643586,47.9253112033195,964
7,25,90,200,121.50998761120002,-69.33695535602628,50.489236790606654,1022
5,15,85,200,121.20054377840002,-55.816790821414486,57.12121212121212,1320
7,15,90,150,120.99219834409993,-57.39771520957342,51.67364016736402,956
3,30,90,200,120.77559531885016,-50.10821064583103,59.468599033816425,2070
4,25,80,200,120.74367252804996,-61.24487876670924,62.23486808070356,1933
7,15,75,200,120.34483103104998,-64.8986262735373,58.169375534645,1169
12,15,90,200,119.80957407715,-36.950337596925785,49.90403071017274,521
8,35,90,200,119.4060777046,-57.83345507689537,48.699999999999996,1000
4,10,80,200,119.17309003895005,-56.92290541905752,62.112139357648346,1837
5,20,80,200,118.51829658039992,-61.72353269179583,60.693263570961406,1529
10,10,85,200,118.1455637861001,-35.76788310968252,52.104208416833664,499
6,25,90,200,117.43717166874998,-64.1448952393793,50.727272727272734,1100
14,35,75,100,116.36467701214985,-61.102715306809664,49.072164948453604,970
12,30,80,200,115.11525040295001,-56.79067127528786,50.95137420718816,946
5,30,85,150,114.36757690950006,-62.70478613693027,57.48373101952278,1383
7,25,80,150,112.1834412967,-65.92381350751886,56.196943972835314,1178
9,35,85,150,111.07121995290012,-48.542130041060325,48.96755162241888,1017
9,15,80,150,110.38133896895003,-49.250876550375374,52.230046948356815,852
14,30,90,150,109.81767080400004,-58.564729028068506,46.36363636363636,880
9,10,80,200,109.76936146724996,-41.295969482047504,50.85271317829457,645
14,20,85,150,108.33692258340002,-35.46281550599842,48.440366972477065,545
12,10,85,200,108.29297456809992,-18.66675012175826,53.2608695652174,276
14,30,70,100,108.22974547470001,-56.52293728323006,48.85993485342019,921
7,15,70,200,108.20590968140004,-63.6990033685682,59.71675845790716,1271
14,35,90,100,108.09931605529992,-50.819715163020284,46.84095860566449,918
10,30,85,100,107.77660394544992,-62.062244046833506,47.0404984423676,963
9,20,90,200,107.72288419019995,-65.30265219890833,49.77924944812362,906
12,15,85,200,105.72636529615016,-36.91807356346216,50.38314176245211,522
8,15,75,200,105.7106243108,-50.274890643696615,56.72797676669894,1033
14,20,80,100,105.70338317894996,-32.3130143351991,46.466809421841546,467
9,30,75,200,105.37984626570007,-59.84687226296387,53.72340425531915,1128
14,25,90,200,105.35834568474995,-51.081610186126184,47.612903225806456,775
12,30,90,150,105.17635272714992,-57.83151591349134,48.19277108433735,913
4,35,90,200,104.99911714289998,-62.78520104759654,58.23957643944407,1511
7,10,70,200,104.70262310894998,-48.50035507336724,58.490566037735846,1113
6,15,85,100,103.69683111830001,-65.91716582081743,53.94853593611357,1127
5,35,90,200,103.68330527925002,-55.78240958889784,54.12621359223301,1236
10,35,85,150,103.19949559204997,-71.97883951630102,47.005076142131976,985
7,25,80,200,103.03811089264995,-70.28713344504509,55.80808080808081,1188
8,15,80,200,102.76122178730009,-57.26580557893034,54.73251028806584,972
6,25,80,200,102.68914033045,-68.70638294946167,57.55504935459378,1317
9,20,85,200,102.37947240720007,-63.66959892068634,49.4066882416397,927
10,15,85,200,101.99132631590007,-48.59391941680547,47.64468371467026,743
9,30,80,200,101.79617890059998,-63.33779775431124,51.42585551330798,1052
9,15,85,200,99.94365327074983,-46.91564141252444,50.06016847172082,831
10,30,85,150,99.66622690395006,-61.62760284100819,47.52577319587628,970
4,25,90,150,98.67387860035,-57.042054923505184,58.49433710859427,1501
12,15,80,200,98.49180295079998,-35.863557895702854,50.57471264367817,522
10,20,80,200,98.45605373175007,-55.70955687111617,50.55555555555556,900
4,15,85,200,98.33634155945008,-61.80260560208285,59.306569343065696,1644
7,30,80,100,98.19581905729997,-69.32591840835022,55.181128896377416,1187
14,15,85,200,98.13663212930004,-21.45641192122478,51.28939828080229,349
7,20,90,200,98.07226015390005,-63.484795598506985,51.19521912350598,1004
9,10,75,200,98.0401852944001,-43.71079077750271,53.32326283987915,662
3,20,85,150,97.21796965695002,-51.09994424861074,60.155911650064965,2309
8,25,90,150,96.78645857185,-59.752200545977175,49.28131416837782,974
7,30,85,150,95.86761799695003,-62.84287874223714,52.702702702702695,1110
4,15,85,150,95.72014975619996,-62.0333611407508,59.44309927360775,1652
9,20,90,150,94.96691681945009,-59.697526247506325,49.667405764966745,902
14,30,85,150,94.73954056909997,-57.84135289317053,46.89265536723164,885
5,15,90,200,94.70299988064997,-51.67866845261136,52.46861924686193,1195
8,35,80,200,94.38007394594999,-68.01686261657115,54.99557913351016,1131
14,20,80,200,93.91338548235,-44.30196782198528,49.82758620689655,580
12,10,80,200,93.78587833160003,-19.117669282327267,53.2608695652174,276
4,25,85,200,93.75675282504996,-60.10084563367356,59.56187092954411,1689
14,15,90,200,93.68343757774993,-22.502849656199718,51.43678160919541,348
12,30,90,100,93.46319748015004,-63.571641740803955,47.613762486126525,901
9,20,75,200,93.44381357854982,-59.48409804712236,53.522504892367905,1022
7,15,75,100,93.3648739457001,-62.717318060331486,58.01393728222997,1148
4,10,85,200,92.69260707084987,-56.49542633861496,59.66542750929368,1614
9,15,70,150,92.6764608333499,-43.6044719665809,56.418554476806904,927
5,25,85,200,91.43578046105003,-66.07363746374872,57.591240875912405,1370
12,25,90,200,91.08242562330004,-55.8835431612424,49.651162790697676,860
10,15,80,200,91.02195961949995,-47.87630716206907,48.88304862023653,761
4,25,90,200,90.36822750074995,-63.76183530991345,58.574310692669805,1487
14,20,70,100,90.01407930415004,-29.5667407015965,48.0,475
12,10,75,200,89.96742710510013,-17.699901852244164,54.87364620938629,277
12,30,80,100,89.77654293180004,-60.17603825697956,47.956989247311824,930
8,35,85,100,89.60920876025,-66.16334063951392,48.7758945386064,1062
7,35,85,150,88.80399332204998,-67.9033242054514,52.29936880072137,1109
7,35,75,200,87.88494029850015,-63.137203363708494,58.34586466165413,1330
14,20,85,200,87.29233731689989,-47.09518400721642,49.47916666666667,576
3,30,80,200,87.24847592315005,-59.49053424764055,61.71667299658184,2633
3,35,80,200,86.52635272745013,-60.3731144788137,61.463046757164406,2652
14,20,70,150,86.40604748950011,-38.127129063494245,50.53763440860215,558
7,25,80,100,86.37922542300002,-72.01235331712942,54.961173425366695,1159
7,25,85,200,86.08667341354999,-65.07556157762363,53.2608695652174,1104
7,35,90,200,85.95768676015001,-64.41737000151132,49.421965317919074,1038
6,20,85,200,85.75345546669999,-64.38156509069233,53.53793691389599,1173
5,25,80,200,85.62354581240004,-64.26513623512527,60.499359795134446,1562
12,10,70,200,84.88380409749996,-15.207968598027785,56.22775800711744,281
7,35,80,150,84.49358492310002,-64.81436298994211,54.85477178423237,1205
10,30,75,200,83.80015854140004,-58.72054847606664,52.32342007434945,1076
14,25,75,100,83.57801782945006,-39.7868282551334,46.79029957203994,701
14,15,80,200,83.32466852534992,-22.886668038956902,51.00286532951289,349
9,35,85,100,82.85002932980001,-66.3342211215392,49.017681728880156,1018
7,10,85,200,82.80751104805009,-51.713479930325455,52.66594124047879,919
7,15,85,100,82.69847227519998,-59.23334274529527,52.54237288135594,1003
5,30,70,200,82.6830499708499,-63.97008421217583,62.209889001009074,1982
14,15,75,200,82.36127219190008,-28.021545922227588,52.0,350
6,20,80,100,82.31639460789997,-70.12019151847906,56.788207913110945,1289
5,25,80,150,82.28557444039994,-62.431347665788635,59.895833333333336,1536
14,25,80,200,82.08710504035001,-53.90063755223113,46.87100893997446,783
8,20,75,200,81.97007311764996,-67.09603973118786,56.58012533572068,1117
7,10,85,150,81.75737136020005,-48.293633345005496,51.62689804772235,922
5,25,85,150,81.70619039484998,-67.23654377683467,56.502571638501095,1361
12,30,85,150,81.16277541075002,-58.73632861866762,47.77415852334419,921
4,20,80,200,80.56537505574993,-64.01198969616533,61.61137440758294,1899
3,15,85,150,80.32635817695,-55.22546252923334,60.56644880174292,2295
4,35,80,200,80.13192743059996,-62.7794304058616,61.39175257731959,1940
7,10,90,200,79.8384839085,-50.60285567517454,50.45351473922902,882
8,15,80,100,79.55588257865,-57.540652875969755,54.516129032258064,930
14,20,90,200,79.54656504104996,-49.41308698715609,49.47916666666667,576
14,35,80,100,79.53343207084995,-54.37211084639162,47.11538461538461,936
12,25,85,150,79.50390284479995,-55.26069419853823,47.59671746776085,853
12,35,85,100,79.40443915965005,-60.22523978270748,47.26890756302521,952
14,20,75,200,79.25961247524991,-39.00482398684267,49.5697074010327,581
7,30,75,150,79.07382900249999,-65.74995535403164,57.446808510638306,1316
14,20,70,200,78.99241032575,-43.6703439597913,49.829351535836174,586
3,35,85,200,78.96201526639994,-53.99428830658326,60.41844577284372,2342
14,15,70,200,78.75417280319998,-26.459394917942586,52.27272727272727,352
12,35,70,100,78.52790390854996,-59.1441494607026,52.48161764705882,1088
12,30,70,200,78.50310890090006,-62.32560484883596,51.94174757281553,1030
14,35,90,150,78.1449764620999,-56.343024382328146,47.8448275862069,928
5,15,70,200,77.55129887435004,-64.68021008178746,62.69457863660762,1863
5,25,75,100,76.94740923829974,-58.02324322698,61.82336182336182,1755
12,15,75,200,76.69313442399994,-37.04536206819198,51.992409867172675,527
7,15,90,100,76.296553527,-63.06657907139407,50.524109014675055,954
5,35,70,200,76.07964278850001,-64.40347621323689,61.83358246138515,2007
9,35,70,200,75.93125053490016,-59.187638617946824,55.493183640737776,1247
12,35,90,150,75.85633431555006,-60.96620070676552,48.35281615302869,941
6,35,90,200,75.72770540394997,-64.42116148977021,50.362976406533576,1102
8,30,80,100,75.51537270944995,-67.49625293151675,51.76151761517615,1107
5,10,90,200,75.29037825300003,-53.31796522745431,52.16637781629117,1154
8,10,90,200,75.13972455589996,-51.7991613165144,49.54838709677419,775
6,30,80,200,74.99362998210005,-68.13965761755037,56.840513983371125,1323
5,20,75,200,74.93827764144979,-63.04444662719861,61.69965075669383,1718
6,30,90,200,74.82750483085003,-63.44043362122819,50.7168458781362,1116
3,30,85,200,74.81847332619998,-55.4175661965111,60.32632030914555,2329
6,25,85,200,74.65471315265002,-67.8919492864161,54.05857740585775,1195
9,25,85,200,74.56393986794994,-58.34061475172108,49.58762886597938,970
9,20,80,150,73.90209381639994,-56.11952341984876,50.51975051975052,962
8,20,90,150,73.62254950849992,-65.2937924317443,49.04661016949153,944
14,35,85,150,73.62082949754998,-58.62117014282657,47.165775401069524,935
10,15,70,200,73.43996993820008,-43.59757986670029,54.38813349814586,809
12,25,80,200,72.69001593845003,-58.33895902229902,48.98190045248869,884
10,35,80,150,72.58761089745003,-71.50140938688175,47.093023255813954,1032
12,35,80,100,72.52131427000002,-60.27230070819542,47.81281790437436,983
14,20,85,100,72.44154569245005,-35.42945570216985,45.9051724137931,464
12,20,90,200,72.18921585005008,-57.2492890129259,47.304582210242586,742
14,25,85,200,71.3821124627,-51.269785694927116,46.975546975546976,777
8,25,85,200,71.15283459214999,-61.95084696042067,50.93411996066863,1017
5,30,80,100,71.1007728807,-56.01050710791282,59.01106050748211,1537
8,20,80,100,71.09708857835007,-61.83087315907533,52.90697674418605,1032
5,20,85,150,71.05645936975,-60.93605660389832,57.53731343283582,1340
9,20,85,150,70.80744053440011,-55.884723041069684,48.85993485342019,921
9,25,75,200,70.52765598009998,-57.0679210199368,54.48658649398704,1081
5,30,75,150,70.38789949200009,-67.07232965373372,61.24075128059192,1757
12,10,90,150,70.25186220510007,-14.389608875655767,49.193548387096776,248
12,15,70,200,70.21656823455007,-35.635738018591155,53.45794392523364,535
7,25,85,150,70.06005979330003,-62.40777658285672,51.8450184501845,1084
6,25,75,200,69.91829648964989,-64.29121305130312,60.02737850787132,1461
8,35,85,150,69.82303278244997,-64.97702823296738,48.912015137180695,1057
10,10,70,100,69.72802397204971,-31.27638262165746,56.81818181818182,440
12,30,75,200,69.64056563454997,-61.18609591220133,51.3677811550152,987
14,25,80,100,69.47841586834997,-43.29172284939419,45.67723342939482,694
10,35,70,200,69.1458608326,-60.42061072468719,56.38207945900253,1183
14,25,80,150,69.14505766665006,-57.98146524847071,45.938748335552596,751
14,20,90,150,69.0840382309999,-38.99568323900191,48.708487084870846,542
6,35,70,200,68.81955028724992,-65.57068546974877,62.131246237206504,1661
14,15,75,150,68.74922005560005,-24.118458877831177,53.054662379421224,311
9,30,90,200,68.74568149900003,-59.25416744119708,47.991761071060765,971
6,15,90,200,68.54230808299997,-59.0356931339413,52.01535508637236,1042
6,15,90,100,68.50555596250003,-65.39066531592191,51.34874759152216,1038
6,20,90,150,68.37800680890001,-65.72166836157088,50.55555555555556,1080
14,20,75,150,68.36080053735012,-38.04206722770808,48.54545454545455,550
8,10,75,100,68.26976866910005,-44.24878039256929,56.829896907216494,776
14,15,85,150,67.86193983650004,-27.154100578046936,51.9607843137255,306
14,35,70,150,67.47095210409996,-60.44812946548935,48.86922320550639,1017
5,10,85,150,67.34914855654999,-57.962215800620164,55.77223088923557,1282
6,10,70,200,67.14939284900017,-56.44658594865347,61.2094395280236,1356
6,15,70,150,67.10157922830015,-61.53615339308415,61.398789509078675,1487
6,15,70,200,66.78119974569992,-63.099335448428484,61.14864864864865,1480
4,35,90,150,66.44134284399999,-62.591463546683144,57.44400527009223,1518
10,25,85,100,66.22959317300001,-69.9983859211504,49.01960784313725,918
4,35,85,200,66.14420262620003,-67.64143050852766,58.69565217391305,1702
12,30,70,100,65.92370346740006,-54.28616179471501,52.79685966633954,1019
6,20,70,200,65.86010870294996,-65.54672422395082,61.54830454254638,1563
12,25,90,100,65.76927352884996,-50.58151758090771,48.225214198286416,817
8,20,85,200,65.69331608945004,-61.28831723271415,49.08350305498982,982
8,25,80,100,65.63547184050003,-65.41406864978137,52.752293577981646,1090
4,25,85,150,65.55686753074998,-58.29836805495469,59.012492563950026,1681
14,30,90,100,65.47185452214998,-57.98485065904868,45.76470588235294,850
3,15,80,200,65.43996127334995,-54.88491679621277,61.62745854222907,2593
5,20,90,200,65.38254394725004,-47.915876619858736,52.52692626346314,1207
9,30,85,100,65.07818861655007,-72.33941499867962,49.6,1000
10,25,75,100,64.98764375974989,-57.97589497143043,51.89243027888446,1004
5,35,75,100,64.75823344459997,-62.9355207806203,60.416666666666664,1776
8,25,70,200,64.61414464985009,-58.12599414136862,57.82848151062156,1271
3,20,80,200,64.39601275470007,-56.72928940113853,61.582789089512104,2603
12,35,75,100,64.17853237124997,-58.342387451813934,48.23874755381605,1022
3,25,85,150,64.00806188450004,-51.27352658558143,59.749243406830956,2313
8,10,75,200,63.91283230335003,-48.5448329961505,55.97189695550351,854
7,20,80,200,63.75645234250009,-73.22990467483008,55.030621172353456,1143
14,30,75,100,63.66799917525003,-57.39559975081326,48.0225988700565,885
14,15,90,150,63.03368172020005,-27.006408409979375,52.131147540983605,305
12,30,85,100,62.935377922099974,-65.75618434643181,48.298572996706916,911
6,25,80,150,62.76950601094997,-67.63447897166073,57.02290076335878,1310
14,15,80,150,62.53380276825003,-26.8855994719609,52.5974025974026,308
12,25,90,150,62.38726631309994,-59.39688920683898,47.09371293001186,843
6,30,80,150,61.534651284950016,-65.98534881301596,57.17505634861006,1331
10,10,70,150,61.12699431095003,-40.24030152456379,55.22682445759369,507
14,25,75,150,60.71504992979997,-58.51258196248153,46.386333771353485,761
6,15,85,150,60.23063345839992,-65.58812920176128,53.53356890459364,1132
5,25,90,200,60.07862382435001,-59.02830205333483,52.743652743652746,1221
14,25,75,200,59.97139785965007,-53.57386527571789,46.53215636822195,793
12,10,85,150,59.78834813999994,-16.251081028257946,49.193548387096776,248
8,15,75,100,59.77413274844998,-52.76275250980525,55.95116988809766,983
7,25,75,100,59.35149086720002,-69.73616213440037,57.25552050473186,1268
12,10,80,150,59.29429357424998,-13.97282671749423,49.79919678714859,249
10,10,75,100,59.05240465219992,-27.6537295254315,54.07925407925408,429
3,15,85,200,59.026947680549924,-58.560214099738786,60.43859649122807,2280
7,10,75,150,58.95106440690001,-53.71965274518764,56.0546875,1024
8,20,80,150,58.926931031200056,-64.37924942982558,53.094777562862674,1034
10,20,90,100,58.863642911249926,-61.866613783570024,48.06763285024155,828
14,15,70,150,58.829182770399925,-22.97327830746244,52.88461538461539,312
8,30,85,150,58.762723766250026,-66.64625027113343,49.52107279693487,1044
14,30,75,150,58.71772027110005,-54.65017218750442,46.73202614379085,918
5,15,75,150,58.67901267795001,-65.37952863472934,61.31167268351384,1662
5,20,75,100,58.39518083045008,-60.17761265150104,61.16279069767442,1720
14,30,70,200,58.32384021284995,-57.72009409854731,50.262881177707676,951
5,10,85,200,58.322375477049974,-60.90061717102188,55.83398590446359,1277
7,35,85,200,58.222771177349955,-67.64414211812142,52.75800711743772,1124
4,15,80,200,57.984721542599885,-62.0935959222008,61.868958109559614,1862
5,35,80,200,57.64221054634995,-68.82089199449652,60.49304677623262,1582
8,20,90,100,57.60640935055006,-51.679118580346554,47.756410256410255,936
4,30,90,150,57.436698849599985,-62.15293744293504,57.684630738522955,1503
5,15,80,150,57.41442664844989,-66.09128843286565,59.40054495912806,1468
3,25,85,200,57.40779363499997,-56.12625921443942,60.58519793459553,2324
12,20,85,200,57.25037156659993,-57.27190432357466,47.043010752688176,744
5,25,75,200,57.136799230299886,-68.52857690476097,62.80522430437252,1761
6,10,85,200,57.12024054335003,-65.89949457470492,53.760445682451255,1077
9,15,90,150,57.05283825260001,-58.45924820325783,49.120603015075375,796
7,20,75,100,56.97310991010001,-68.62537917321167,56.89512799339389,1211
8,30,80,200,56.97279842180001,-62.85278100359688,54.03225806451613,1116
8,20,85,150,56.84184439955005,-64.8031960104699,49.08536585365854,984
5,30,75,100,56.78042690895006,-58.437853453866474,61.07344632768361,1770
12,10,75,150,56.780343936150125,-14.38344689331924,51.39442231075697,251
14,30,80,100,56.27295660614999,-61.24433677852459,45.202312138728324,865
9,20,70,100,55.85745101615003,-51.78073225419693,55.873925501432666,1047
10,35,90,100,55.40703102615008,-67.14598494036629,48.283038501560874,961
12,35,70,200,55.128553378149924,-60.48597118102048,52.35457063711911,1083
3,10,85,150,54.82398934945007,-57.253445492111446,60.17777777777778,2250
5,15,90,150,54.71633576385007,-54.77202444864099,52.62267343485617,1182
8,25,80,200,54.64932030170002,-67.06784562749635,53.57798165137615,1090
6,35,75,200,54.15005027289999,-64.98519740264103,59.82620320855615,1496
5,20,80,150,54.00593384009993,-62.70861760416121,59.657218193803565,1517
5,10,75,100,53.95222628495018,-55.02989124656147,60.26785714285714,1568
12,10,80,100,53.89895721505009,-15.969326509870353,51.813471502590666,193
10,10,85,100,53.64545949580013,-27.434758348094558,50.60532687651331,413
10,25,75,150,53.61578928935007,-58.530739622141056,50.78125,1024
6,25,70,200,53.53717843604995,-63.89823877340842,62.553979025293025,1621
9,15,75,200,53.319168489800184,-49.18999142481291,52.88248337028825,902
9,25,70,200,53.191657304899984,-58.14611437715638,56.02049530315969,1171
12,10,75,100,53.14312279995013,-15.751881240613644,52.84974093264248,193
5,35,75,200,53.11833996744999,-71.27672225477912,61.870100783874584,1786
10,10,80,100,52.9057121629501,-29.15711419164192,51.07398568019092,419
4,30,80,200,52.80901684919994,-62.114806844952184,61.62246489859594,1923
7,35,75,150,52.76711922945005,-68.84856733995552,57.32436472346786,1338
10,20,80,150,52.71389452044997,-62.99058710116752,49.0990990990991,888
8,15,85,100,52.68141830550008,-58.9355556951348,51.80180180180181,888
5,30,75,200,52.5756265699,-70.80809247197318,61.990950226244344,1768
6,35,90,150,52.40649653755003,-65.20478309022911,50.81374321880651,1106
6,35,90,100,52.267962993250094,-65.0881605811337,50.54054054054053,1110
9,35,75,150,52.16043370764996,-62.19218891649748,53.83944153577661,1146
9,30,85,200,51.94211085739997,-65.94343983066179,49.14914914914915,999
7,30,80,150,51.829761425450016,-63.13366041412699,53.547297297297305,1184
4,20,85,200,51.76795007015007,-65.7790099364585,59.75975975975976,1665
5,30,85,200,51.555867442049895,-64.88322353658404,56.038291605301914,1358
10,25,75,200,51.37155017625001,-69.52160747456068,51.98067632850242,1035
6,20,80,200,51.05956714124995,-68.00103811223671,55.96899224806201,1290
7,20,85,100,51.02549875304994,-63.42288614202024,51.29682997118156,1041
8,30,80,150,50.44414497665009,-71.98027560914063,51.76470588235295,1105
8,10,80,150,50.40246915380013,-50.8092892385964,54.22885572139303,804
3,20,85,200,50.39584489989999,-55.75378487447388,59.93910395824271,2299
6,15,75,200,50.38887047545,-66.78683271220471,58.62324204293117,1351
6,35,80,200,50.22663175840012,-65.49287816483353,56.32958801498127,1335
14,30,80,150,50.11535526015001,-58.92859873594486,46.927374301675975,895
8,25,85,100,50.104333926600006,-64.1062779442778,48.19159335288368,1023
14,25,85,100,50.055384120249904,-48.940257533611835,45.441389290882775,691
8,10,75,150,49.98703464185008,-50.09068708745749,56.2200956937799,836
10,10,90,100,49.957540317949814,-28.713443588670952,49.877149877149876,407
8,10,80,200,49.76776191260004,-50.680430870555526,53.51941747572816,824
5,30,80,150,49.674296666800124,-67.77715968289779,59.00259067357513,1544
10,20,90,150,49.643177352500054,-66.76344087879714,48.481308411214954,856
7,25,85,100,49.5927070448501,-67.83462594389502,50.74487895716946,1074
9,30,80,100,49.456273355799965,-75.18567050790362,50.71633237822349,1047
14,30,70,150,49.16199937864996,-49.63356080372797,49.523809523809526,945
10,10,80,150,48.921602841750044,-37.078729523846945,50.72463768115942,483
4,20,85,150,48.71283342424986,-60.589855489778074,59.15915915915916,1665
8,35,80,100,48.671950641949955,-73.28800220323859,53.41009743135518,1129
7,20,90,150,48.64015402399995,-66.26390606927265,49.298597194388776,998
14,25,70,200,48.29923144545003,-53.019731369618775,47.91154791154791,814
5,30,70,100,48.13809092805003,-60.76902779632398,62.36828901154039,1993
8,35,75,200,48.08973710630005,-64.11723777551697,55.130293159609124,1228
7,15,75,150,47.99933525399989,-61.50017166050298,57.20411663807891,1166
5,20,80,100,47.98561675439996,-64.35006072575044,58.76082611592272,1501
7,30,75,100,47.798304021350035,-74.19884846835504,57.90273556231003,1316
12,20,90,100,47.592638751250036,-54.66222108032517,46.08294930875576,651
8,10,85,200,47.57845858825005,-50.17298662317319,50.1269035532995,788
9,15,70,200,47.52403086639991,-48.819964519592354,55.010660980810236,938
8,15,75,150,47.47235672215009,-56.36851334085906,55.92556317335945,1021
10,25,90,100,47.394963898450015,-76.2219588760471,48.333333333333336,900
3,30,70,200,47.1017806187503,-59.081273680822555,62.51920122887865,3255
9,15,85,150,47.07647535269981,-54.098713159525694,49.50738916256158,812
5,10,80,200,46.97990552200007,-62.62183746675556,59.56552207428171,1427
8,15,90,150,46.597962011999996,-57.382521175559695,49.38132733408324,889
7,25,70,200,46.50315002754999,-71.719130831925,60.25369978858352,1419
6,20,85,150,46.05335754115001,-67.97143588524511,52.83505154639175,1164
9,30,80,150,45.90844547864998,-67.34352371397686,51.76022835394862,1051
12,35,90,100,45.90388445760003,-69.08566332598818,46.95837780149413,937
8,30,90,150,45.82968592064995,-64.1865901190364,47.283702213279675,994
9,35,75,200,45.5054514198,-59.512678064771265,53.987730061349694,1141
12,10,70,100,44.98320358735002,-15.385525137677798,53.84615384615385,195
9,20,70,150,44.85648962584996,-48.502662881838276,55.14365152919369,1079
3,25,70,200,44.83398190050014,-59.34665958381896,62.21326720396776,3226
6,30,70,200,44.74089538134996,-71.24952127454087,62.28710462287105,1644
7,15,70,150,44.689696655099894,-60.80985433725202,58.26771653543307,1270
12,25,85,200,44.60998302700012,-58.70983710415053,48.49884526558891,866
10,20,85,150,44.58389989105005,-68.35223622558718,48.27188940092166,868
8,30,90,100,44.55392601619999,-73.97499412714181,47.22502522704339,991
10,10,75,150,44.29525778629997,-36.51224483886164,53.83064516129033,496
10,30,85,200,44.22182797584999,-65.90904259558212,47.482014388489205,973
5,20,90,150,44.15094352960012,-50.4765081894926,52.51857968620974,1211
8,10,85,100,43.98371152260003,-48.14342256058387,50.966850828729285,724
5,25,75,150,43.92536344419995,-64.15776484981728,61.364950838635046,1729
14,35,85,100,43.79368120840002,-56.74281742207663,47.23726977248104,923
14,20,90,100,43.78971433829999,-35.97183952589621,45.67099567099567,462
7,25,75,150,43.19236138444995,-69.98632562904862,57.43348982785602,1278
12,30,75,150,43.01803564155004,-66.16093513361731,49.48770491803279,976
9,35,80,200,42.98894132354998,-59.4029345864807,51.075771749298404,1069
7,35,70,200,42.84244059249993,-68.86675531894491,59.89085948158254,1466
5,35,85,150,42.65865198690004,-69.4192714049841,56.96750902527076,1385
5,20,70,200,42.02455450180016,-60.757326172075885,62.415759460860556,1929
12,10,70,150,42.01809794434994,-17.311022465002594,51.19047619047619,252
9,35,80,150,41.9716825190499,-70.34964925891637,50.420954162768936,1069
14,25,70,100,41.93266188390004,-43.388666316542704,47.70514603616133,719
5,30,90,150,41.90991182534998,-62.598520558011096,52.6829268292683,1230
12,10,90,100,41.86629057790006,-17.613671866555887,51.30890052356021,191
9,10,70,150,41.305293230899906,-44.270810792846795,54.65465465465466,666
8,10,70,100,41.29434255160005,-45.53773744539209,58.076448828606665,811
9,10,90,200,41.28063749959987,-47.53232745251529,46.34146341463415,615
7,15,70,100,41.27357167595005,-65.01528439031661,58.16409423233144,1231
12,10,85,100,41.168506992700095,-17.623537741080533,51.30890052356021,191
6,25,80,100,40.97051860674996,-67.43756388714881,57.501904036557505,1313
8,20,85,100,40.68793448145005,-59.070682677030206,48.717948717948715,975
4,35,85,150,40.651772679199816,-66.18285595088622,58.62884160756501,1692
10,30,75,150,40.46111969340009,-67.10125226222462,50.562851782363985,1066
14,30,85,100,40.24287536800002,-61.254200561249625,45.08196721311475,854
4,30,90,200,39.64286065814993,-61.90283454212193,57.669122572002685,1493
7,35,85,100,39.419212013250025,-71.69594383931418,52.52707581227437,1108
14,15,75,100,39.35470948559987,-22.993091848738743,50.44642857142857,224
8,20,75,150,38.86458661855012,-60.990980557945775,55.37488708220416,1107
14,15,70,100,38.800937869749895,-23.077919639658866,50.22222222222222,225
7,30,70,100,38.518885004100035,-71.65497364158949,60.29005524861878,1448
4,25,80,100,38.46158694344992,-62.46774956982081,61.175236096537255,1906
7,30,70,200,38.42479525529998,-69.8608264302676,60.33057851239669,1452
8,10,80,100,38.132185929200006,-46.95550564522273,53.342245989304814,748
5,10,80,150,37.89936862015,-62.39771564146462,58.732394366197184,1420
9,15,80,100,37.70866552815018,-54.59350923350209,50.31367628607277,797
8,30,90,200,37.671677221650036,-68.18910951135186,46.88128772635815,994
10,10,85,150,37.59949999139995,-41.26112705123835,49.78991596638656,476
3,10,80,200,37.39625013544998,-60.10281737995763,61.471861471861466,2541
9,15,75,150,37.29855616974997,-43.85808718284896,53.00113250283126,883
8,10,90,100,37.13176215245,-47.97106502445266,48.44192634560906,706
6,20,85,100,37.02523557750001,-67.13011769410737,53.76623376623376,1155
5,25,70,200,37.00270449105001,-62.91559006862242,62.181447502548416,1962
4,30,80,100,36.99199617555011,-59.455120220660575,60.87182148417229,1927
4,35,80,100,36.858174177000016,-57.690727474338374,60.9479649665121,1941
9,30,70,200,36.600745508350045,-61.713405804412346,55.06172839506173,1215
9,15,90,100,36.53975638360008,-59.08123450883412,48.08959156785244,759
10,10,90,150,36.535148696400114,-41.61191718029884,48.504273504273506,468
7,10,80,150,36.52142041579991,-52.776468151124945,54.132231404958674,968
6,15,90,150,36.24873160439992,-66.66256870095062,50.573613766730396,1046
12,30,75,100,36.190833317399985,-56.00779181313884,49.22440537745605,967
12,25,80,150,36.17822503379997,-57.20527498458008,47.57505773672055,866
9,10,70,100,35.94813851975,-33.15417763345373,55.3156146179402,602
4,10,90,200,35.925881242200084,-67.49460414528764,57.67085076708508,1434
3,15,90,100,35.70325337280011,-65.88317571249279,59.09990108803165,2022
6,35,85,100,35.53020754839995,-67.83827814000614,54.290429042904286,1212
5,10,75,200,35.52268750645,-59.88054367512241,61.02337334175616,1583
8,25,80,150,35.4602023977,-66.41879893677871,52.490774907749085,1084
14,15,80,100,35.45418339970017,-25.568143218102406,48.4304932735426,223
14,15,85,100,35.41062687344998,-26.061823794808177,48.4304932735426,223
6,30,80,100,35.402207355249885,-69.75401951349379,56.835066864784544,1346
10,15,75,200,35.022782205000034,-44.111717370647476,51.150895140664964,782
10,20,70,200,35.01730569640007,-54.1148657229135,54.462474645030426,986
8,30,75,150,34.93093104240008,-69.2717806216009,53.87177352206495,1201
12,20,80,200,34.7503856448,-56.76872484707223,47.12950600801068,749
12,25,80,100,34.39425792960007,-48.93237549650761,48.44124700239808,834
8,15,70,200,34.385193600250005,-55.50343540937176,56.26740947075209,1077
6,15,80,100,34.22990456879995,-63.69538062112902,55.646481178396066,1222
14,10,85,200,34.03678404089996,-15.971482678973512,51.11111111111111,135
4,35,85,100,34.018756845999974,-60.88254020560415,58.63689776733255,1702
14,25,90,150,34.01063052454993,-54.32252123792026,45.100671140939596,745
14,15,90,100,34.00673705639994,-26.02706281804422,48.4304932735426,223
8,35,70,150,33.985530185499904,-67.53404514929508,57.45156482861401,1342
10,25,70,200,33.92307173455005,-62.40866330111383,54.89833641404805,1082
8,15,70,100,33.86300248980001,-57.65485448148093,57.30994152046783,1026
6,20,80,150,33.35167178099998,-66.08852473731375,56.875,1280
9,20,80,100,32.75361429695005,-63.5638754417745,50.638297872340424,940
14,10,75,200,32.683405113750005,-17.053412412170292,51.11111111111111,135
5,20,70,100,32.578918925150106,-57.10657008260645,61.83727034120735,1905
12,25,85,100,32.41571221770001,-47.10663296002887,48.724179829890645,823
8,20,75,100,32.153503899049966,-59.27262015901819,54.92180312787488,1087
4,20,90,200,32.037388756249975,-63.78046815470064,57.58807588075881,1476
8,15,85,150,31.955280993050007,-55.59070424002188,51.24593716143012,923
6,15,80,200,31.343929594249943,-68.76410977324802,56.79611650485437,1236
5,10,70,200,31.314681522250098,-58.45729311377104,61.967779056386654,1738
10,25,70,150,31.249761807000056,-61.947648735383176,53.789279112754166,1082
10,20,85,100,31.17229738895,-68.81118650351792,47.62470308788598,842
14,10,80,200,31.14937533810005,-15.967565669437503,51.11111111111111,135
8,30,85,200,30.964934609149996,-62.01825185450195,49.85535197685632,1037
6,15,80,150,30.93585984894993,-66.13764915325915,55.17799352750809,1236
6,35,85,150,30.81630177400001,-70.76836884964857,53.21100917431193,1199
14,10,90,200,30.81083731630003,-15.971482678973512,51.11111111111111,135
5,35,85,200,30.74689678789997,-68.71769295463211,55.319148936170215,1363
6,15,85,200,30.66272321439991,-67.18364802218481,54.01588702559577,1133
3,35,90,150,30.621088103450013,-54.379054567331465,59.262851600387975,2062
5,10,75,150,30.497590565049947,-62.48609760351497,60.38095238095238,1575
14,25,85,150,30.271370602250023,-55.12386633233175,44.919786096256686,748
10,30,75,100,30.270422070649914,-68.01510607860409,49.14933837429111,1058
7,35,70,150,30.22820015659995,-67.47376912382812,59.19343814080656,1463
9,10,85,200,30.088656002950074,-46.897361313152224,47.04,625
14,25,90,100,29.989243504800122,-47.35100764462781,45.20348837209303,688
8,30,70,100,29.919603956999975,-69.20378929556168,56.07692307692308,1300
9,25,80,200,29.663049736299985,-64.75796064245462,51.2291052114061,1017
7,30,90,200,29.591587883300008,-66.99616268057017,49.08565928777671,1039
8,35,75,100,29.19717977399998,-69.77077505886055,55.02431118314425,1234
10,35,75,100,29.168737014050027,-62.15851764516391,50.136986301369866,1095
9,30,90,150,28.957588217949983,-66.20954469713074,46.90082644628099,968
9,20,70,200,28.746804627200074,-58.583444171618794,54.88029465930019,1086
12,25,75,200,28.663149090850105,-55.071490712950045,50.495049504950494,909
7,20,75,150,28.653207077799834,-71.42198693253883,56.6530612244898,1225
8,10,90,150,28.546482649400073,-52.96449795877818,48.275862068965516,754
7,30,70,150,28.21997340810003,-71.02528504368198,59.21595598349381,1454
6,35,80,150,28.023042739800054,-64.87119554683534,56.334841628959275,1326
5,10,70,150,28.0144578511498,-59.189352967106345,61.30884041331802,1742
12,20,85,100,27.660051301599943,-54.66237327698186,45.50989345509893,657
3,35,70,200,27.568615428199994,-62.21221514510595,62.49616681999387,3261
3,25,80,200,27.45891241450009,-65.62608830173909,61.22370936902486,2615
9,15,85,100,27.334529943099994,-56.62174059414363,48.575129533678755,772
3,20,90,150,27.076476050400068,-55.75284235121298,59.04203323558163,2046
3,20,70,200,26.964803033000038,-62.26918724913501,62.41799437675727,3201
4,30,85,200,26.60119329015003,-72.12528199075622,58.781785925487874,1691
7,20,80,150,26.522167971999977,-71.2931769646461,54.53736654804271,1124
7,10,90,100,26.38699994215006,-63.82122364892579,49.47735191637631,861
14,10,70,200,26.336645929050096,-17.07323193517378,51.85185185185185,135
3,10,85,200,26.291736115350005,-61.894981171148736,60.363153232949514,2258
12,15,90,150,26.286840144499955,-46.47573919051995,47.16599190283401,494
6,30,75,200,26.119024211299944,-70.98725362177152,59.56580732700135,1474
3,35,85,150,26.00858311819998,-54.586408693355835,59.40721649484536,2328
4,10,75,200,25.725519006399967,-56.030056392800546,61.49283242708849,2023
6,35,70,100,25.72471849405007,-68.76135106254495,60.61502069781195,1691
7,10,90,150,25.544584242749924,-54.92279589366852,49.148694665153236,881
8,15,90,100,25.383471862649955,-57.54294522753547,49.825378346915016,859
12,20,85,150,25.34595385244993,-57.2599347261612,45.26462395543175,718
3,10,90,150,25.242062912999952,-54.7769660080151,58.699999999999996,2000
9,15,70,100,25.09842512,-53.70875381754308,54.70383275261324,861
14,25,70,150,24.903345030550096,-55.16675789207183,47.31457800511509,782
7,20,70,100,24.761139951999954,-65.36166640232933,58.22021116138764,1326
6,35,75,100,24.75701917235007,-69.38459435772255,58.733333333333334,1500
5,35,80,150,24.59416456199992,-70.64117560889247,59.16129032258064,1550
12,15,80,150,24.37647881575011,-43.74996549434287,48.185483870967744,496
8,30,75,200,24.29403059284998,-68.15884839737097,54.65213746856664,1193
3,25,90,150,24.047745504200037,-54.45690774163951,59.40690325717064,2057
5,35,70,100,23.759404047400047,-62.27656439013567,61.96196196196196,1998
6,10,90,100,23.645585572800055,-61.197311838502465,48.68686868686869,990
10,25,70,100,23.56358530689988,-53.06965036706429,54.166666666666664,1056
3,30,85,150,23.537649484300083,-55.63370403047947,59.2496765847348,2319
7,20,75,200,23.46955985530006,-72.24848723302432,57.08469055374593,1228
8,10,70,200,23.32572754305,-58.317345508216114,57.19139297848245,883
5,15,85,150,23.302180367400016,-65.06250351084418,55.327245053272456,1314
9,25,85,100,23.280184655799996,-75.12013854755999,48.59228362877998,959
3,30,90,150,23.257241129899974,-55.614112841656535,60.0,2065
6,10,75,200,23.105825668549905,-60.99602928863034,57.97448165869219,1254
8,10,85,150,22.589799817199907,-51.56752735972143,49.740932642487046,772
7,20,85,150,22.521170570249936,-66.75656349129997,51.60377358490567,1060
5,20,75,150,22.44049513465003,-63.87032393815538,60.81871345029239,1710
12,20,90,150,22.120415013449946,-57.28161333413052,45.73426573426573,715
6,10,70,150,21.838380559000115,-57.84762686214461,60.17699115044248,1356
12,15,85,150,21.80124027185002,-46.97536469663352,47.57085020242915,494
8,25,90,100,21.19294438185002,-67.92724676920929,47.01030927835051,970
7,35,80,100,20.721554211100003,-73.25260738811077,54.59098497495827,1198
7,35,70,100,20.68413916724998,-72.13520693879182,60.16260162601627,1476
8,20,70,200,20.65043007055005,-66.35702416586817,56.987447698744774,1195
3,35,90,100,20.589193149000117,-59.65252104037111,59.10418695228822,2054
6,30,85,150,20.56629250784998,-71.30927980312572,52.63598326359833,1195
6,10,90,200,20.47372866104997,-70.69298134611157,48.08080808080808,990
14,10,85,150,20.22678132559992,-20.175642719552343,47.540983606557376,122
6,20,90,200,20.04748295184997,-67.82677117110934,48.25964252116651,1063
8,25,75,100,19.812831976599952,-64.40928262584359,54.06574394463668,1156
4,25,75,200,19.807187944149906,-63.09759407126594,60.824742268041234,2134
3,10,90,100,19.759639511250015,-60.89472805654738,58.103361766181635,1993
5,10,85,100,19.684860091249966,-61.38315470762258,54.459352801894234,1267
10,30,90,100,19.635492726599992,-73.52694614223176,44.94142705005325,939
4,15,75,200,19.627313556250115,-59.64664911246208,61.64251207729469,2070
3,30,90,100,19.49607420804995,-63.23100526506739,58.99315738025416,2046
6,10,75,150,19.388051795699933,-55.93472393330151,57.14285714285714,1260
5,25,80,100,19.33773135925008,-64.08974765259859,57.96430931923331,1513
7,35,75,100,19.3190238031,-74.50128550058658,58.54572713643178,1334
14,10,75,150,18.86345414439987,-20.925972479745163,47.540983606557376,122
9,35,90,150,18.855481075049994,-64.90153478504631,45.24053224155578,977
5,35,90,150,18.7398532197,-62.39332333999308,52.48979591836734,1225
14,10,80,150,18.425523729149916,-20.249498305166945,47.540983606557376,122
3,15,90,150,18.32665703459988,-57.01204916538906,58.370591157476404,2013
4,20,70,150,17.945515899699906,-59.85178241214483,61.9907601847963,2381
6,10,80,200,17.843969262700043,-60.49549357217906,55.54592720970537,1154
4,20,90,150,17.828601416299982,-64.55765052006353,57.32613099257259,1481
12,20,80,150,17.3535408944,-58.58995533557937,45.84487534626039,722
5,25,85,100,17.31069021679994,-71.05462195609095,55.37313432835821,1340
6,30,75,100,17.138427630700015,-67.52870243265404,58.52503382949933,1478
7,25,70,100,17.10970843874997,-72.40826094921962,59.81507823613087,1406
14,10,90,150,17.059200903799933,-20.175642719552343,47.540983606557376,122
8,20,70,150,17.03450516450009,-59.41722292937565,56.323777403035415,1186
5,20,85,200,16.827745282499972,-67.82552528713295,55.97295266716754,1331
9,35,70,150,16.814125377900012,-68.58138303697808,55.55555555555556,1242
5,30,85,100,16.80819442160002,-63.42305190056834,55.36639526276832,1351
12,15,75,150,16.699760018300005,-43.797144558710734,49.30417495029821,503
6,30,85,100,16.6109164702001,-66.64670590882066,53.935376967688484,1207
12,25,70,200,16.55675883809995,-58.363403566487804,50.15940488841658,941
10,15,70,100,16.508035157549884,-41.97289782829312,53.98601398601398,715
8,10,70,150,16.496292132699985,-60.46272314018746,57.43707093821511,874
7,10,85,100,16.218509925199953,-55.56247966373273,51.33333333333333,900
9,10,80,100,16.189264322250008,-37.581417044006535,48.86561954624782,573
4,35,75,150,15.79255359030003,-64.1573496063769,61.23105190629307,2177
9,10,80,150,15.663081122549883,-47.343475290191314,48.480000000000004,625
5,15,75,100,15.522052420000065,-60.41993031785592,61.03427540589297,1663
4,35,75,200,15.02401003079996,-64.84437071692028,61.294765840220386,2178
5,25,90,150,14.861256067099982,-66.93531607384769,51.735537190082646,1210
9,20,90,100,14.783313888750072,-69.21635571031342,47.38636363636364,880
6,15,70,100,14.548136738250083,-61.259925647391256,60.302197802197796,1456
8,30,85,100,14.440876055849984,-66.9788036118157,48.26923076923077,1040
10,15,80,150,14.39477884755016,-57.04826065479652,48.08219178082192,730
9,20,75,150,14.211719015150015,-61.093741301031834,52.178217821782184,1010
14,10,70,150,14.114066952450056,-21.906174624831305,48.36065573770492,122
4,35,70,200,14.112334124900183,-61.95665361247885,62.029923170238575,2473
8,30,70,150,14.0935654056501,-64.65826990867455,55.86206896551724,1305
4,30,75,200,14.072434799150013,-62.174382593093725,61.13941639647985,2159
8,35,70,100,13.913285695599974,-68.14175944768212,56.146926536731634,1334
6,15,75,150,13.655070599299979,-62.75911206670346,57.67511177347243,1342
8,15,70,150,13.477167894649856,-56.481991632051766,56.12722170252572,1069
3,15,70,200,13.461731825050173,-64.60214401312825,62.27129337539432,3170
3,10,70,150,13.400096784350325,-63.71070492583102,61.67146974063401,3123
3,25,75,150,13.337712478199926,-65.64282984687482,60.8843537414966,2940
4,15,90,150,13.185753344950024,-64.5617867903537,57.30027548209367,1452
9,25,90,150,13.098632559449964,-65.58638789199004,46.95187165775401,935
9,35,70,100,12.911915921749983,-67.51288803931755,55.197421434327154,1241
4,20,75,150,12.859703804100086,-56.12285051794187,60.89866156787763,2092
6,25,85,150,12.831152255250045,-62.440513077125516,52.02702702702703,1184
12,25,75,100,12.79508449704998,-54.801786999012755,48.07916181606519,859
5,35,80,100,12.301131730650038,-65.4041119771446,58.39228295819936,1555
5,10,80,100,12.286946908149998,-60.74348457404779,57.16312056737589,1410
10,30,70,200,12.238612439349893,-67.78453681200563,54.664341761115956,1147
4,20,75,200,12.17420206915023,-61.45076830093701,60.90261282660333,2105
7,10,80,100,12.14131626170012,-58.87837347524694,52.62032085561498,935
7,10,75,100,11.90742422025004,-58.36315804700997,55.32994923857868,985
12,20,80,100,11.00951891494999,-56.13848710220262,45.09803921568628,663
4,30,85,150,10.959076195700046,-64.92884013351745,58.38287752675386,1682
4,25,75,150,10.487298575199876,-61.046560276936454,61.05904404873477,2134
12,35,70,150,10.423464498600055,-67.39327610565017,50.55350553505535,1084
7,20,80,100,10.385109841250074,-71.85870368870093,53.70036101083032,1108
8,25,85,150,10.17257077990008,-70.75172455349843,48.38709677419355,1023
12,30,70,150,9.99696162860002,-67.92064607678039,49.95083579154376,1017
7,10,70,150,9.805793543249862,-56.89446718778653,56.12431444241316,1094
9,35,80,100,9.66119655744999,-73.48130799775424,50.423330197554094,1063
5,10,70,100,9.657521457049857,-60.27218033378738,61.04347826086956,1725
3,30,75,200,9.639457723599932,-61.060165587316625,61.812627291242364,2946
10,15,90,100,9.517051433650114,-54.5607184200654,46.687211093990754,649
9,25,70,150,9.414037147049958,-62.39050234595705,56.61827497865073,1171
5,10,90,150,9.3139590991,-64.83257965224385,51.64359861591695,1156
9,10,75,150,9.292663588650019,-53.717232922232064,51.47286821705427,645
10,15,90,150,9.23000509215004,-61.99403662981467,45.58404558404558,702
6,30,75,150,9.21516308164998,-66.62694464378232,59.05723905723905,1485
7,30,85,100,8.951044357399995,-68.73569397038925,50.362976406533576,1102
7,30,90,150,8.757050153949987,-66.58327258183205,47.91868344627299,1033
10,35,75,150,8.756623789649986,-69.72056768599163,49.770431588613405,1089
9,10,75,100,8.561435749399848,-36.9648779161496,51.618398637137986,587
6,35,80,100,8.315168225399972,-72.86171361399144,57.03648548026806,1343
6,35,75,150,8.179099513400011,-66.18466848754736,58.55130784708249,1491
6,25,70,100,8.137385117050089,-66.31119217401994,61.71535114978247,1609
6,30,90,150,8.006391555399928,-72.31270830045202,50.22706630336058,1101
12,25,75,150,7.988926876199942,-61.052562252461065,47.59238521836507,893
4,35,90,100,7.859450356600006,-69.6672170070223,56.666666666666664,1500
4,10,85,150,7.816550052949944,-63.62649179934836,57.12492153170119,1593
9,20,85,100,7.752374003700102,-65.31603426002309,47.72475027746948,901
4,30,85,100,7.407663958899957,-62.98470231730092,58.55535820011841,1689
10,20,75,200,6.557647898049956,-63.31403868462632,52.016985138004245,942
3,30,75,150,6.535372296199937,-64.88083888403789,60.67340067340067,2970
12,20,70,200,5.9287847071498145,-50.71589305005021,49.169859514687104,783
8,30,75,100,5.91660999225001,-71.89014332465683,53.95503746877603,1201
3,25,90,100,5.874216991350134,-70.2764760058857,58.64440078585462,2036
14,10,75,100,5.8696642551499645,-17.512250438257777,44.57831325301205,83
8,30,70,200,5.8318435363001075,-64.6161201069765,55.95054095826894,1294
14,10,85,100,5.205700341150066,-19.162593269436073,43.373493975903614,83
10,15,85,150,5.12234910999998,-60.615557834852176,46.132208157524616,711
6,30,90,100,5.015729754150056,-69.09043303267832,49.36131386861314,1096
3,20,80,150,4.897194503450075,-64.28758221759985,60.58027079303675,2585
14,10,80,100,4.713558943450025,-19.162593269436073,43.373493975903614,83
10,20,70,150,4.431038562849965,-58.00124868189488,52.11995863495347,967
3,20,70,150,4.388705269600113,-67.86692756548766,61.90031152647975,3210
8,20,70,100,4.381481170050039,-58.624171691255754,55.679862306368335,1162
9,30,90,100,4.284682548199958,-79.38019662357722,47.225130890052355,955
12,20,75,150,4.2519819393000535,-57.365025877941676,46.612466124661246,738
9,30,70,150,4.0895001865500324,-63.54818739860158,55.46425636811833,1217
10,15,70,150,4.037811172549932,-53.66769594947801,51.87096774193548,775
3,30,80,150,3.9632847302499608,-66.52903304946422,60.71837982422621,2617
4,15,90,200,3.878901944750046,-70.472709485771,58.17307692307693,1456
14,10,70,100,3.8476308220499966,-17.899842592152257,44.57831325301205,83
9,10,85,150,3.5446734891999565,-48.41616362447799,46.63382594417077,609
14,10,90,100,3.534801941150034,-19.162593269436073,43.373493975903614,83
4,20,80,100,3.305896062099989,-64.18264539704978,60.032017075773744,1874
7,35,90,100,3.0903698355499554,-68.04811135728391,49.0272373540856,1028
12,20,75,200,2.369298201450021,-56.060428644739105,47.12041884816754,764
12,15,75,100,2.3525256214500523,-44.440047186317045,48.04597701149425,435
4,30,75,150,2.0621441204500712,-64.63262678095796,61.118816458622284,2163
6,10,80,150,2.0579508725499185,-61.24526810422664,54.03996524761078,1151
3,20,75,150,2.0573814130001367,-66.0549646938973,60.77895456098395,2927
4,30,70,200,1.7609175380999487,-65.5779645222168,61.6359918200409,2445
9,35,90,100,1.741232805949977,-79.62159175130634,46.35897435897436,975
8,35,70,200,1.601446501800008,-65.3777097538044,57.34848484848485,1320
6,25,90,150,0.8903730147999278,-67.84769368983812,48.24399260628466,1082
4,30,80,150,0.7436547769000157,-63.70479029512759,59.895833333333336,1920
6,20,75,100,0.6767535153999527,-61.03624320883384,57.65895953757225,1384
8,25,70,150,0.5834654736500022,-66.96781937717473,56.40413683373111,1257
2,30,85,200,0.45106741400002814,-75.89516420225166,60.71428571428571,4004
4,15,75,150,0.3125770272000894,-61.82337511867646,60.548213411649535,2043
10,35,70,100,0.07114253359996603,-70.93952957053851,52.389078498293514,1172
7,20,70,200,0.0635234161499687,-76.47633131681734,58.04769001490313,1342
4,10,80,150,0.042461099300039606,-60.830930757890165,59.643255295429206,1794
3,15,80,150,-0.1802898798001884,-60.127315276033265,60.17147310989868,2566
2,25,85,200,-0.24774844924985162,-74.94799885732853,60.70263488080301,3985
4,20,80,150,-0.33329866879989734,-61.63679253900932,59.72222222222222,1872
6,20,70,100,-0.336739516200002,-62.145026224738956,60.45016077170418,1555
9,25,80,100,-0.7851971281499392,-70.24810383017886,49.55134596211366,1003
4,25,70,200,-0.7984302644500452,-60.864122609075224,61.69154228855721,2412
12,15,70,100,-1.0400914858501253,-48.17974110951881,49.7737556561086,442
6,10,85,100,-1.14795785195001,-65.59962775875712,51.187084520417855,1053
4,20,70,200,-1.2101605751000832,-61.85865332021613,61.71477079796265,2356
2,10,90,150,-1.2258355766998963,-73.37843505226182,60.35374149659864,3675
2,30,80,150,-1.4855039102502743,-74.95030954176988,60.53049195193834,4411
3,15,70,150,-1.5724987693000125,-71.23066184584368,62.43285939968405,3165
6,20,75,150,-1.7383561289499139,-64.1643746801806,57.519600855310046,1403
4,15,80,150,-1.7761021287500234,-62.1042362920914,59.71615720524017,1832
4,35,70,100,-1.924155763400126,-60.283009671645175,61.603545527800165,2482
4,25,85,100,-1.967334101449969,-66.01727038627948,57.724550898203596,1670
4,10,90,150,-2.123422472199976,-69.08934779964014,55.934612651030555,1407
8,25,75,150,-2.3238043466499603,-65.05353980803875,54.20641803989592,1153
12,20,70,150,-2.6847215531499824,-54.48312749801718,47.64397905759162,764
6,10,80,100,-2.848840336800007,-58.996014030437195,54.05643738977073,1134
3,10,70,200,-2.8824446571501183,-65.88168445571878,61.72680412371135,3104
9,10,90,150,-3.174757765650138,-52.28005420316677,45.65217391304348,598
4,15,90,100,-3.256695048200098,-65.54427884137873,55.18672199170125,1446
9,15,75,100,-3.268589713199932,-57.752298770824176,51.58924205378973,818
12,20,75,100,-3.341620467899886,-56.87302455966973,46.15384615384615,676
9,20,75,100,-3.609051425699916,-61.6735121668585,51.93089430894309,984
2,10,85,200,-3.735289414949805,-72.22252446406684,60.27293404094011,3957
9,25,75,150,-4.341073621450009,-61.8996210786738,53.74653098982424,1081
4,25,80,150,-4.4718585707499425,-64.0344306718966,59.72515856236787,1892
12,15,70,150,-4.564372484650015,-47.51373802727319,50.293542074364,511
3,35,80,150,-4.589465150350048,-68.1931039433857,59.99240121580547,2632
6,35,70,150,-4.605954334850071,-70.59619659847417,60.62612883804937,1661
3,10,75,200,-4.623120178449957,-68.44601832858423,61.45172656800564,2838
12,25,70,100,-4.639221735849974,-60.42158246705021,49.71815107102593,887
9,10,90,100,-5.03568624405003,-48.73927142381921,47.28260869565217,552
7,10,70,100,-5.269808382900198,-55.51905057029739,56.6127497621313,1051
3,30,70,150,-5.39329372534969,-68.22978420974074,61.87270501835985,3268
5,35,85,100,-5.530169877050028,-70.48203155058013,54.981549815498155,1355
8,35,75,150,-5.798847430050125,-69.92647031501257,54.06737880032868,1217
3,10,75,150,-5.915856703900058,-70.77338633923138,60.731878958479946,2842
5,15,85,100,-5.972773768300055,-68.63124407424003,54.78927203065134,1305
2,20,80,150,-6.043079199900081,-76.21841328457917,60.33455545371219,4364
10,20,80,100,-6.286021309099976,-68.08661215756078,47.161066048667436,863
4,10,90,100,-6.342652275000038,-60.6020845447777,54.75852272727273,1408
5,25,70,100,-6.442187921050024,-64.14592001668646,61.163032191069576,1926
7,35,90,150,-6.5442389021999725,-73.16778950158547,49.03846153846153,1040
9,35,75,100,-6.597836804349977,-68.32844256929353,53.239929947460595,1142
6,30,70,100,-6.661137324550037,-69.45743566404923,60.444177671068424,1666
3,25,75,200,-6.6957195460000225,-63.731421050870786,61.55160628844839,2926
2,20,90,200,-6.944717139999779,-76.13940214221213,59.59869848156182,3688
9,30,85,150,-7.047996783150001,-69.74333804405173,47.19438877755511,998
6,20,75,200,-7.069572714900163,-64.09170215259512,57.34767025089605,1395
12,20,70,100,-7.155556034100085,-58.27213297423183,47.687861271676304,692
3,20,90,100,-7.342478521699968,-66.54904077272701,58.77106045589693,2018
9,30,70,100,-7.498208876500012,-65.19824269031784,54.24292845257903,1202
5,15,70,100,-7.9426717063500245,-62.90685910735988,61.53005464480874,1830
3,10,85,100,-8.053455378349927,-68.42859171474514,58.64695340501792,2232
9,25,75,100,-8.07523058000006,-64.92911049334019,51.597744360902254,1064
4,25,70,150,-8.096931018800113,-61.53543636863166,61.967755270773054,2419
5,10,90,100,-8.097808360099956,-69.9363421086617,50.47951176983435,1147
3,30,85,100,-8.450572606949969,-68.92910712582626,58.62822193097422,2289
6,10,70,100,-9.038044811300027,-59.65360382461857,59.924528301886795,1325
3,15,75,200,-9.131452336699864,-66.99691753829507,61.66897506925208,2888
2,20,90,150,-9.221700104100094,-74.90205032616313,60.12385568120625,3714
10,15,80,100,-9.262918801200048,-51.918670859068236,47.24292101341281,671
4,35,80,150,-9.365502108400047,-67.94586035489382,59.968928016571724,1931
5,25,90,100,-9.430321459800018,-68.04507530430799,51.2013256006628,1207
5,35,75,150,-9.532497254099969,-74.87372434322819,59.66819221967964,1748
3,25,70,150,-9.64027542759992,-70.28530451478235,61.62862430598396,3242
9,10,85,100,-9.884208482849942,-45.88438095791248,47.132616487455195,558
3,35,70,150,-9.956728524899994,-67.97087491641156,61.43031784841075,3272
10,30,70,150,-10.17129643614998,-71.3730338289223,52.58007117437722,1124
7,20,70,150,-10.226022675800007,-73.27845471328321,57.20720720720721,1332
8,25,70,100,-10.306775656550105,-69.71084238373913,55.63549160671462,1251
4,10,70,150,-10.352219752100023,-65.1960690713446,61.06354213609734,2219
3,25,80,150,-10.494391007450076,-66.97612890386603,60.5,2600
6,10,75,100,-10.571492386450021,-58.15745794200416,56.92182410423453,1228
5,15,80,100,-10.761634340700033,-68.67470172969857,57.668711656441715,1467
10,15,85,100,-10.816062266049986,-56.031200397212366,45.53706505295008,661
5,15,70,150,-11.104613753000125,-65.0051730424097,60.01097092704334,1823
2,25,90,200,-11.304286615999892,-78.2042649012065,59.98389694041868,3726
6,25,75,100,-11.42958455649994,-65.93321478528087,57.51222921034241,1431
10,35,70,150,-11.445524175299916,-70.42009410767282,52.58175559380379,1162
9,30,75,100,-11.558752041500075,-76.39284631862124,51.891891891891895,1110
9,30,75,150,-11.599170587099994,-71.57356679212624,51.792114695340494,1116
3,35,75,200,-11.62351447650003,-65.43954309547166,61.70427753452341,2969
12,15,80,100,-11.717683011899949,-48.67956835362926,46.74418604651163,430
2,25,80,150,-11.82266867820011,-76.94513475047428,60.02275312855517,4395
4,15,80,100,-12.029060392999957,-64.81785100301053,59.29978118161926,1828
3,35,70,100,-12.135246913450137,-64.5309727928946,61.31297709923664,3275
4,10,75,150,-12.429028499500049,-63.1162914390415,59.376571141277026,1989
2,15,85,200,-12.442981338499958,-73.16845381692193,60.33958438925494,3946
6,20,70,150,-12.623629775199962,-64.87757058739912,59.92292870905588,1557
3,35,75,150,-12.781866246850049,-68.78561923072014,60.49631120053655,2982
2,35,75,200,-13.210921499999984,-71.82943886690201,60.83439761600681,4698
6,25,90,100,-13.501845511749988,-70.89525844427243,49.678012879484825,1087
5,20,70,150,-13.66958068059999,-64.54611404785162,60.35125066524747,1879
3,15,85,100,-13.892465906900108,-69.97310267500471,58.20364606491775,2249
3,15,75,150,-13.910116253350024,-67.86629400662531,60.64605765890935,2879
4,30,90,100,-13.943310237600027,-66.31449580108966,56.6621803499327,1486
12,25,70,150,-14.050167615100085,-63.568688774201085,49.0238611713666,922
9,25,70,100,-14.062542833199931,-69.64448161091151,55.14834205933682,1146
6,25,75,150,-14.482631913950005,-61.85162384872792,58.31608005521049,1449
10,15,75,100,-14.7491544243999,-49.89437393242858,49.92764109985528,691
2,15,90,200,-15.08667594265014,-78.56030537543623,59.61643835616438,3650
2,35,85,200,-15.602696494199876,-79.08611372654062,60.34439730471674,4007
3,35,85,100,-15.731804584749941,-67.97962343875068,58.62668405041287,2301
4,30,70,150,-16.28319140429989,-69.36525137389302,61.75869120654397,2445
2,10,75,150,-16.461735725350234,-74.85423138939298,60.60933448573898,4628
3,30,70,100,-16.4725213828001,-66.71062607593944,61.21323529411765,3264
10,15,75,150,-16.5530222769,-56.5808216558879,49.668874172185426,755
6,25,85,100,-16.584628233700005,-69.644985459935,53.316326530612244,1176
4,10,70,200,-16.713410150599895,-62.36863618520169,60.97670250896058,2232
6,10,85,150,-16.965548727800073,-67.13216460189113,51.40449438202247,1068
5,30,70,150,-17.054324981150092,-72.15798357371969,60.52227342549923,1953
10,20,75,100,-17.104923833799923,-63.019944155063875,50.0,898
3,20,75,200,-17.17990788940009,-65.98582675483514,61.373835001725915,2897
2,35,85,100,-18.24258341200017,-74.77038158168907,59.691848906560644,4024
4,35,70,150,-18.314209130699965,-67.37464245942428,61.91446028513238,2455
2,15,90,150,-18.369427678350092,-74.82830773461457,60.05434782608695,3680
4,25,90,100,-18.42066799449995,-64.47201995632757,56.00272851296043,1466
3,10,70,100,-18.617894191849903,-69.25885066711737,60.965473145780045,3128
7,25,90,150,-18.898807346650003,-68.98409622620184,49.46025515210991,1019
2,10,90,200,-19.058874873650055,-74.40712026922317,59.51472191930207,3668
6,10,90,150,-19.174705186850026,-71.43245929954269,47.22502522704339,991
7,30,90,100,-19.256518552699998,-69.49422388724633,47.10500490677135,1019
6,30,70,150,-19.28330834849995,-70.62818920219928,59.840588595953406,1631
3,25,70,100,-19.803216178150084,-67.93081665555168,61.032138442521635,3236
2,10,85,150,-19.985166718500224,-72.5845799012906,60.25477707006369,3925
4,15,85,100,-20.06218127099998,-68.30491775708323,56.82656826568265,1626
3,25,75,100,-20.453285244700137,-67.12889618633007,60.317460317460316,2898
4,10,80,100,-20.515305024999986,-65.56906039856594,58.74363327674024,1767
2,30,85,100,-20.803673319900184,-74.85207727626064,59.53511622094476,4001
12,15,85,100,-20.878620836250008,-51.98984095796929,45.92074592074592,429
3,20,70,100,-21.10789049445002,-69.31434709068508,60.96573208722741,3210
7,25,70,150,-21.150778431299923,-72.2770710431548,58.67237687366167,1401
3,15,75,100,-21.471844491799864,-68.10348842274723,60.66202090592334,2870
2,15,85,150,-21.678088464100064,-75.45187615111739,60.25770591207681,3958
2,10,80,150,-21.743876234750147,-73.0836978995246,60.70020867145838,4313
10,20,70,100,-21.80348742044994,-66.56196185634376,52.68817204301075,930
5,20,85,100,-21.829424050250058,-73.95972661002216,54.337899543378995,1314
2,30,90,200,-21.892576613599914,-75.36431842286343,59.66228893058161,3731
6,15,75,100,-22.05431770359999,-67.99057838165729,57.00152207001522,1314
2,35,80,150,-22.17757672735009,-77.14479386294559,60.07292616226071,4388
5,35,90,100,-22.28126255640005,-66.61775191480517,51.07084019769358,1214
7,25,90,100,-22.496771122399984,-69.08598072858645,47.73175542406312,1014
2,10,80,200,-22.669329734199984,-74.93050403727868,59.78006551240056,4274
5,35,70,150,-23.109954461000036,-70.97054402407049,60.446247464503045,1972
2,35,85,150,-23.207411824049917,-78.7759579270515,59.76552756298329,4009
12,15,90,100,-23.228602733199967,-51.491761900483404,45.5607476635514,428
2,20,85,200,-23.24040676379986,-76.12160586054887,60.065673149785304,3959
3,30,75,100,-23.328169949600042,-65.19835193950875,60.192506015812995,2909
4,25,70,100,-23.388089161399904,-66.11497333625827,60.55578598092078,2411
3,10,80,100,-23.56763620919996,-68.81206426192796,59.847573204973926,2493
4,30,70,100,-23.76208800945,-64.08593915341756,61.17936117936118,2442
3,10,75,100,-23.995909907499822,-67.39414802213986,60.60390763765542,2815
7,20,90,100,-24.000760049899938,-67.96325921119036,46.68705402650357,981
3,25,85,100,-24.178549024400052,-75.01709425343718,58.529020824102794,2257
10,30,70,100,-24.265544055800003,-65.78201910790409,52.107623318385656,1115
5,20,90,100,-24.53631793675003,-67.13927232509556,50.374064837905244,1203
2,10,85,100,-24.709868673549874,-74.30034172674331,59.369438087973556,3933
4,20,70,100,-24.736564084050038,-66.3319206289471,60.210970464135016,2370
3,20,75,100,-24.849510522250206,-73.07164124644406,60.49083995852057,2893
4,35,75,100,-25.04883873870003,-67.07752420579385,60.34958601655934,2174
3,35,75,100,-25.480338891999963,-65.93534089326758,60.4230638007506,2931
2,15,80,150,-25.71291497914997,-77.04301529151068,60.526315789473685,4332
5,15,90,100,-26.023013921750003,-68.30900904871632,50.422297297297305,1184
5,30,90,100,-26.126339884049965,-68.1636688691229,50.865622423742785,1213
2,15,90,100,-26.216251962600158,-72.55439342204234,59.24002186987425,3658
6,25,70,150,-26.384081383299996,-67.09083142264285,59.59849435382685,1594
2,30,80,200,-26.745485087199928,-79.29531301780143,59.89824236817761,4324
3,15,70,100,-27.36768408520013,-71.26451520416461,61.19496855345912,3180
2,25,85,150,-27.500998582049906,-76.97283652771257,59.89949748743718,3980
2,30,85,150,-27.614992666850057,-76.84859814556283,59.79433157762729,3987
2,10,75,200,-27.64745946699989,-77.39103238149436,60.33580462276493,4586
9,25,90,100,-27.664728872999955,-79.0909939302341,46.11231101511879,926
6,20,90,100,-28.298153931599977,-72.06846503662067,48.490566037735846,1060
4,15,70,200,-28.658415304600048,-64.7588705317124,61.201227531784305,2281
2,20,85,150,-28.780304736749972,-76.64255653908792,60.22099447513812,3982
4,15,70,100,-28.876870889999886,-66.22286267776668,60.286458333333336,2304
2,15,80,200,-28.974152783550057,-75.40954511655032,59.71995332555425,4285
4,15,70,150,-29.021878783849996,-68.09098321825039,60.967032967032964,2275
4,20,85,100,-29.04152564119995,-65.71941709177302,57.4107683000605,1653
3,10,80,150,-29.552031755100018,-67.43702291132863,60.1741884402217,2526
3,15,80,100,-29.902451675450116,-70.98153324669511,59.70797158642463,2534
2,15,75,150,-30.16600005750002,-76.76232773651523,60.34000430385195,4647
2,10,90,100,-30.345161599000004,-73.15662462545373,58.922188616992024,3637
4,10,75,100,-30.472378578749883,-70.30637462867497,59.26299848561333,1981
2,25,70,150,-31.11443753710008,-76.57528070227671,61.13563402889246,4984
2,35,75,150,-31.121079779850003,-78.15731612466584,60.45425599660369,4711
2,25,80,200,-31.219073500099668,-77.38713664431067,59.67144840351689,4322
4,10,70,100,-31.36896025294994,-73.72430784222051,60.0,2205
2,25,75,200,-31.910270501650007,-76.71944141033804,60.16785022595222,4647
10,20,75,150,-32.049938885800024,-66.67899187292645,49.185667752442995,921
2,10,70,150,-33.23203301985003,-76.92312999067248,61.204081632653065,4900
2,20,80,200,-33.54271374625012,-77.20860238701339,60.046674445740955,4285
2,35,90,200,-33.63893321139992,-76.55987806893538,59.60604425256341,3706
2,20,85,100,-33.70338509745011,-79.10072597486227,59.27887039838629,3966
2,35,90,150,-33.99518937989986,-77.24323705451309,59.74758324382384,3724
4,20,75,100,-34.26424561649994,-70.39404942011205,59.7893729056965,2089
2,35,90,100,-34.73594373315012,-73.63160896138785,59.272237196765495,3710
2,30,80,100,-34.92302836209983,-77.47409592745277,60.077874484654146,4366
3,20,80,100,-35.61617759594997,-72.55273132220104,59.45945945945946,2553
2,30,90,150,-36.10027405325009,-78.50674928095629,59.40939597315437,3725
2,30,75,200,-36.174683364250036,-77.73246359300792,60.189369485689696,4647
2,35,80,100,-36.45618511235017,-80.3163817120705,60.25788625374165,4343
2,15,85,100,-37.01264539684996,-78.32380181869638,59.34650455927052,3948
2,15,75,200,-37.04181920029993,-80.71841474845183,60.325732899022796,4605
2,25,90,150,-37.225729957099894,-78.64981106409194,59.59623149394348,3715
2,30,70,150,-37.24876872775054,-76.16402887067368,61.000602772754675,4977
3,20,85,100,-37.25408036969999,-78.30165790868705,58.130261408949934,2257
2,20,75,200,-37.840642356700286,-79.39314711917389,60.056167638798875,4629
2,20,90,100,-38.08126666199987,-75.39602423873345,59.182561307901906,3670
5,25,70,150,-38.25310830915012,-70.92047513909017,60.35564853556485,1912
2,35,80,200,-38.31643493394995,-78.03624031353739,60.013892104653856,4319
2,25,85,100,-38.702701144050145,-79.23263280867175,59.0176322418136,3970
9,25,85,150,-38.72224121460002,-70.5268165652598,46.48478488982162,953
2,10,70,200,-38.72765845759988,-78.12333383833467,60.63917525773196,4850
9,25,80,150,-38.74565259159994,-72.74446018124169,49.0547263681592,1005
2,30,70,100,-40.093902848200166,-77.98514979012742,60.64022548822226,4967
4,15,75,100,-40.13988239780024,-71.55643334607286,59.538989700833746,2039
2,35,70,150,-40.57167670519988,-78.62057535633983,60.83902047370534,4982
3,35,80,100,-40.7096332184,-74.09998652872157,59.359320725588574,2591
2,30,75,150,-40.764462409299995,-79.62120273963934,60.17887563884157,4696
2,30,90,100,-41.47168003340006,-75.67423637710384,59.083557951482476,3710
2,30,70,200,-41.63777214410008,-78.65682786880164,60.555668221456095,4931
2,15,70,200,-41.65615463819986,-80.23166054498712,60.4900144121886,4857
2,20,70,150,-41.87528370735026,-75.68011058938305,60.66937119675456,4930
4,30,75,100,-41.90370462380009,-72.06857926704451,59.878561419897245,2141
4,10,85,100,-43.01087765599993,-72.22882831736759,55.048231511254016,1555
2,20,75,150,-43.69330421869998,-78.17665083521554,60.15490533562823,4648
2,25,75,150,-45.43838854210021,-81.24882901159964,60.07710430499036,4669
2,15,80,100,-45.439776176300064,-79.47129896542717,60.120986505351325,4298
2,20,70,200,-45.78210011525008,-81.80337821501695,60.50317038249131,4889
3,25,80,100,-45.818295645400084,-77.23341813795408,59.53398058252427,2575
2,35,70,200,-45.986427897600294,-80.8386070307193,60.35872632003224,4962
2,10,80,100,-46.39213065300005,-79.14657158659243,60.130871698995094,4279
2,25,80,100,-47.37544862594999,-80.99804798086882,59.9124020285846,4338
4,20,90,100,-47.55435895695002,-71.14811266863165,54.814305364511696,1454
2,15,70,150,-48.45108950394997,-79.13863193288118,60.912453760789155,4866
4,25,75,100,-48.632547781500044,-75.42881759696883,59.886739027843326,2119
2,10,75,100,-50.27362242845,-77.28303260262217,60.04795117698344,4588
2,25,90,100,-51.17705738470003,-78.62475277112839,58.84097035040431,3710
2,10,70,100,-51.27874630395011,-79.05602491048325,60.810532812178565,4861
2,25,70,200,-51.50687135444991,-82.9785626539552,60.143003064351376,4895
2,35,75,100,-51.73514615194992,-80.89277705162152,60.0,4690
2,20,80,100,-52.70227896390025,-81.7866523621548,59.94897959183674,4312
3,30,80,100,-53.30329637455,-78.08801935233193,58.93135725429018,2564
2,35,70,100,-54.00670244359988,-81.89222262116901,60.367825383993534,4948
2,15,70,100,-54.29584184724988,-81.91576047500135,60.82495382721116,4873
2,20,75,100,-59.37320222860015,-82.21132198602422,59.59289735816371,4618
2,20,70,100,-60.84091296539973,-83.77124253402603,60.72882736156352,4912
2,25,70,100,-60.925093709349824,-84.4992151485174,60.51937512680057,4929
2,30,75,100,-61.66688495545014,-80.48736052582989,59.32859909619109,4647
2,15,75,100,-61.709143651649946,-81.39614468605734,59.64223385689355,4584
2,25,75,100,-68.28796615974998,-83.84538007544346,59.18942349371478,4614
