SMA,Buy,Sell,Hold,Return,MDD,Win,Trades
100,25,80,40,3262.0604806678116,-41.10135546969991,65.98586017282011,1273
200,30,80,40,2668.9164471791437,-53.38466677358987,64.64088397790056,1267
60,30,80,20,2592.791747212731,-57.56529653859687,57.26823916620955,1823
60,35,80,40,2481.2696627805726,-40.95570469796744,63.18972033257747,1323
200,35,80,40,2265.6254151968337,-47.189198570294195,63.94984326018809,1276
120,25,60,40,2247.9465196792794,-39.37453701165971,65.21739130434783,2553
50,25,80,20,2221.9987368252946,-55.10942090796548,56.62100456621004,1752
100,30,80,20,2088.006695196954,-40.92237891533744,57.380688124306324,1802
100,25,60,40,2087.916832947312,-44.70868340195766,65.3635652853792,2558
60,25,80,20,2085.246543317394,-50.10351235916263,56.69515669515669,1755
60,30,80,40,2061.7049368336075,-49.371424785149074,63.12548113933796,1299
50,35,80,40,1996.6634299396947,-49.586961085761814,63.602110022607384,1327
120,20,60,40,1959.1455969110289,-34.3959860804971,65.04770164787512,2306
200,35,70,40,1883.1769418330207,-45.99004092610149,64.52127659574468,1880
50,35,80,20,1858.7239430483041,-51.193747514754726,56.495956873315365,1855
100,25,60,20,1702.0452306396262,-50.26523393872703,64.94169096209913,2744
100,30,80,40,1690.256755183895,-41.989445379298665,64.33566433566433,1287
100,25,70,40,1672.2880723840096,-55.55996304835957,65.95041322314049,1815
100,35,60,40,1668.0048878454165,-41.73971633992542,65.09874326750449,2785
100,35,80,20,1636.4354597380404,-43.071004335122595,57.45614035087719,1824
120,25,80,40,1608.246926263398,-42.265780718599785,64.35958631662689,1257
120,30,60,40,1607.7400171044878,-39.31988380278781,64.90509862299962,2687
100,30,60,40,1576.382732929311,-40.45809009807482,65.00927643784786,2695
100,20,60,20,1560.9585924386326,-51.99945159560502,65.10395434162251,2453
100,35,65,40,1555.8099886307775,-43.52777305737214,65.79173838209982,2324
100,20,60,40,1553.9404096415283,-49.625479293993486,64.78811708169506,2289
100,25,80,20,1547.4644842671626,-54.927795838340145,57.28929384965832,1756
100,25,75,40,1535.8289291024655,-53.902595171547595,64.24322538003966,1513
100,20,80,40,1535.1043909668945,-41.858354988784605,64.77832512315271,1218
200,25,80,40,1526.9555307999465,-48.04323709734146,64.10048622366288,1234
100,35,70,40,1519.602551497005,-44.35159508265038,65.75271598551474,1933
20,30,75,20,1513.2386429487956,-49.84151777010684,61.05695228322217,1949
120,30,60,20,1508.6680223348392,-37.29798767135753,65.07226428079835,2906
120,30,80,40,1441.0641439549854,-45.439172816474475,63.92801251956182,1278
60,20,80,20,1414.5447145807773,-43.8686439131818,55.54202192448234,1642
100,10,60,40,1398.7221999096287,-35.44633944596531,65.53002223869532,1349
120,20,70,40,1398.428008129614,-42.5423230607643,64.57345971563981,1688
100,10,80,40,1397.7941349931243,-51.03588720500329,64.62882096069869,916
60,35,80,10,1397.1606232892816,-61.53376873714193,50.12048192771085,2905
120,25,60,20,1396.1069886453952,-46.79822976732284,64.99634235552304,2734
120,30,65,40,1392.702448437767,-41.918212145267596,65.27716186252772,2255
20,35,80,20,1385.6731375587156,-61.88864865478961,57.11982804943578,1861
120,25,75,40,1363.6323875547732,-44.30828241820565,64.21052631578948,1520
100,25,75,20,1351.3604703577394,-53.3510552721401,60.19467213114754,1952
50,35,75,20,1351.1275308290706,-49.693179563904486,60.01950268161872,2051
60,25,80,10,1341.8273816510043,-63.90370821889727,50.0,2702
120,35,60,40,1330.3392063847323,-39.32485418316803,65.15315315315316,2775
50,30,80,20,1328.1309108429539,-52.11770666764489,55.84988962472406,1812
50,35,80,10,1324.3638302858506,-59.05348018814869,49.896623018607855,2902
60,30,60,40,1317.9883730339754,-37.50235330937127,65.22058823529412,2720
50,25,75,20,1291.6272025764795,-49.54351311954387,60.218408736349446,1923
100,35,80,10,1290.8608342536422,-38.45946232140525,50.75914423740511,2898
100,25,80,10,1287.0071385557656,-44.24467669010404,51.097293343087046,2734
120,25,70,40,1271.040734720232,-46.252023650208095,64.97237569060773,1810
60,25,75,20,1258.0594042532114,-56.56289966054023,60.94154164511123,1933
120,20,60,20,1253.8529036192087,-42.370487237467124,64.96557310652086,2469
100,10,60,20,1236.2856030550909,-41.84981264927082,65.29160739687056,1406
60,35,65,20,1236.0451842857608,-46.668626545761754,64.08132530120481,2656
100,30,65,40,1231.222967322532,-49.303425761781824,65.43594306049823,2248
120,30,65,20,1228.6436245648572,-51.47893918976237,64.85109717868337,2552
50,25,60,20,1228.422779373348,-52.583568829372254,65.31835205992509,2670
60,30,75,20,1227.984415688012,-52.44161857733221,59.98018821198613,2019
100,10,75,40,1215.502680244297,-43.441049076870115,65.43330087633885,1027
120,20,75,40,1212.432237557074,-49.2323238997297,63.6109167249825,1429
50,25,65,40,1209.7295831759745,-50.681158786095715,65.39712029725963,2153
60,20,65,20,1205.299961217165,-39.635000142633565,64.1108545034642,2165
100,10,65,40,1203.6320268065433,-47.46343847679259,66.13545816733067,1255
100,35,80,40,1201.8799778443076,-50.295128970954586,64.11446249033256,1293
20,30,80,10,1199.0032516219592,-49.16133624784742,50.72805981896891,2541
60,35,60,40,1196.2744256153576,-43.13169704812426,64.68100105745506,2837
100,35,75,20,1192.4481843905048,-45.707694644261174,60.16699410609038,2036
60,25,60,20,1181.8457219705915,-48.92581143665348,65.33382245047689,2726
100,15,60,40,1180.471121461614,-41.39261137491703,64.33456075749605,1901
60,30,65,20,1174.912796070879,-46.489573139591066,64.18840015570261,2569
60,15,65,40,1165.383136814508,-37.52010924085978,64.69135802469135,1620
120,20,80,10,1156.3415474786102,-47.67149636858142,50.78186082877247,2558
100,10,70,40,1153.0200179458918,-53.99493389705263,65.94076655052264,1148
200,25,75,40,1149.898047448464,-47.91075737217413,64.20911528150134,1492
200,25,80,20,1149.6745658114082,-47.6069093749973,56.54726952436876,1703
60,25,75,40,1145.8194299676366,-51.177099422722925,63.957361758827446,1501
60,15,65,20,1129.8757658984248,-36.35622322347235,63.61581920903955,1770
100,25,75,10,1123.1444113509735,-48.26714997207587,53.326330532212886,2856
120,30,80,20,1121.8735444836523,-47.102862952987785,56.28140703517588,1791
60,30,80,10,1119.8013822334735,-59.74359006550948,49.964763918252295,2838
50,25,75,40,1118.762629145134,-48.69879712965648,63.90728476821192,1510
100,30,60,20,1118.4578554996315,-38.917305188392106,64.95343221800621,2899
60,35,80,20,1103.136839297453,-56.64273215263835,56.36856368563685,1845
50,15,65,40,1102.311554682092,-50.471067641090904,65.55484284797947,1559
50,20,80,20,1087.7184673336903,-45.1311008323279,55.212831585441094,1621
60,20,70,40,1085.2186199321272,-42.11515708199735,64.84375,1664
60,15,80,40,1074.4491642054818,-64.91576777115185,63.48470806302131,1079
120,25,65,40,1073.4704455193037,-39.252374238733644,64.28237494156149,2139
120,35,60,20,1072.6399556313704,-37.427475650725555,65.15806988352746,3005
100,20,70,40,1071.387221560833,-48.49230222913263,64.83253588516746,1672
50,25,60,40,1070.0677110595032,-49.21912806289699,65.82329317269077,2490
120,25,80,10,1069.0030666241016,-48.28117687311399,50.6949524506218,2734
50,30,60,20,1058.2053477310342,-55.418386888760175,65.56865464632455,2884
200,30,70,40,1055.6367014370685,-46.18061173171149,63.48684210526315,1824
120,30,80,10,1054.463961799145,-48.44308536340055,51.21265377855887,2845
60,20,75,40,1052.9049762706297,-44.46918124531673,63.5719347980156,1411
100,30,70,40,1049.902230821422,-48.988298838987696,65.09533898305084,1888
60,20,70,20,1028.1216919965434,-43.47504485759487,62.422997946611915,1948
50,25,65,20,1023.7276780451715,-47.64166971221892,65.16155758077879,2414
100,30,65,20,1018.6591735087783,-41.87531823024053,64.05819897758553,2543
120,35,80,40,1016.6456047861981,-44.42112493570448,63.11667971808927,1277
120,25,75,20,1012.9049895400193,-48.60818845839945,59.98970133882595,1942
100,30,75,40,1012.4878834005067,-54.510329576492346,63.10057655349135,1561
60,35,75,40,1006.2126727248824,-51.625818946639626,63.56147021546261,1578
60,20,60,20,1005.9810891065875,-50.81608679093759,64.68867530296698,2393
60,35,60,20,999.9628120513096,-50.85535632918441,64.37007874015748,3048
50,35,60,20,995.5180887821689,-46.45944614522907,65.43413667877186,3029
100,35,75,40,989.3351939199767,-45.7049986811438,63.476070528967256,1588
120,35,80,10,986.5151270677046,-49.52577847351507,51.372957942301014,2877
100,10,65,20,984.3634110158439,-47.76621882528105,64.15797317436662,1342
20,25,60,40,981.9161612071433,-38.69621532739843,65.99409448818898,2032
200,25,75,20,980.6186261969177,-60.44101044392235,59.726603575184015,1902
100,15,60,20,971.7716494630203,-44.115844107236285,64.41351888667992,2012
60,30,60,20,960.9392427155556,-48.862599678528255,64.76223058501539,2923
120,15,60,40,959.8976032871749,-44.9361852798498,64.18219461697723,1932
100,35,65,20,954.563156888571,-44.738037965864436,64.58891013384321,2615
60,25,80,40,949.0098439037336,-42.74154787703803,62.26870474658085,1243
20,30,80,40,943.4928195713077,-58.391981465608865,63.49574632637278,1293
20,30,75,40,942.1573018508726,-45.00875847787499,64.53488372093024,1548
100,10,70,20,940.0719441607888,-46.98674840887626,62.960062646828504,1277
100,25,70,20,934.1121908462447,-51.2033489263189,62.911451089476124,2157
50,25,80,40,932.2196516935251,-48.44594321841291,63.25396825396825,1260
100,15,80,40,929.9054177809218,-58.231166152961265,63.503649635036496,1096
50,30,65,20,926.0681496861824,-51.91986355697632,64.5123384253819,2553
120,10,80,40,926.0280110741573,-41.94538020487693,62.63616557734205,918
100,25,65,40,924.584056473778,-45.844286716834844,64.52671040299907,2134
50,15,80,40,923.0048501908256,-58.24681434301441,62.27316141356256,1047
200,25,60,40,919.1071484013693,-42.811117609606875,64.25978217022993,2479
120,10,60,40,916.5795308259076,-29.729954071530795,64.33166547533953,1399
120,35,75,40,915.9855051005956,-40.70509970954964,63.27827191867853,1574
120,20,75,20,909.4349252705844,-48.20774823534157,59.128516271373414,1813
120,35,65,40,906.2094755075047,-46.98022113003637,65.03923278116827,2294
20,30,65,40,904.5073106028603,-50.679174997707285,66.23735050597976,2174
60,15,60,40,899.1618936705594,-49.15407153703549,64.89773355444997,1809
20,25,65,40,895.6441583076279,-40.04646214655296,66.48471615720524,1832
60,15,80,20,894.5957908866042,-54.612903386141575,54.62833099579243,1426
60,35,65,40,893.0898438501389,-55.66508090993585,64.35304198800343,2334
60,15,70,40,892.9867876807022,-49.53348883529324,64.38746438746439,1404
20,25,65,20,882.6092184908482,-52.47554042312109,65.39245667686035,1962
120,15,80,40,881.510847871756,-51.06835077654747,63.43012704174229,1102
120,20,80,40,877.5270756756763,-41.857842761799276,63.42477140482128,1203
50,35,65,20,873.7302166987023,-50.14039700819305,64.02277039848198,2635
60,20,75,20,873.3550782162538,-44.070466989650384,60.0,1790
20,25,75,40,871.1135874441942,-37.89964881829865,64.61988304093568,1368
60,35,75,10,862.2880268044377,-70.47238808068731,51.42017629774731,3063
100,25,65,20,856.9684235156712,-56.537768755040986,63.911960132890364,2408
50,15,60,40,854.38454546065,-54.103014790086,65.60139453805927,1721
200,25,70,40,852.9972865443242,-43.82189378447093,63.3810888252149,1745
50,20,80,40,852.3493251538655,-47.951023347020296,62.93176074136478,1187
50,30,80,40,846.5649642275345,-52.820172930255126,63.121118012422365,1288
120,10,65,40,846.5524054001006,-40.92402096036095,64.24710424710425,1295
60,15,60,20,846.2105951822647,-41.842615916139245,64.58007303077726,1917
60,20,80,10,845.5429331855395,-53.95289287542051,49.40743767879036,2447
200,20,75,40,845.2752113320557,-48.92448029268384,63.771186440677965,1416
20,35,80,10,842.2023096726388,-49.85267980885315,50.337238196663115,2817
120,25,80,20,841.0891182031454,-50.36419212711824,56.454388984509464,1743
60,25,65,40,835.6361622869052,-48.24266637698681,64.79137365213315,2133
50,30,65,40,830.1396871832866,-58.398733404647,64.47944006999126,2286
50,20,75,40,829.945353997008,-55.23285726732583,63.345195729537366,1405
100,35,70,20,823.7210910721227,-46.1863150490592,62.980769230769226,2288
50,25,70,20,822.6737072789219,-50.065091045690245,62.640977443609025,2128
200,25,60,20,822.0114868532809,-53.62025056143683,64.55601348819783,2669
120,20,75,10,812.3149927329526,-49.3397782928605,52.31987929083365,2651
120,35,65,20,812.0332274089739,-50.54317000354376,64.55353691534597,2587
120,30,75,40,807.8348737306152,-48.39522856677513,62.93661060802069,1546
120,35,70,40,806.3802795436152,-52.55013875482547,64.01475237091675,1898
50,10,65,40,805.5261656888625,-38.2654142091208,66.49746192893402,985
120,30,70,40,804.998845276949,-47.48945679610575,64.85911749069643,1881
200,20,70,40,799.4114434459543,-50.99858339349234,63.900666262870985,1651
60,20,60,40,799.0658369795221,-52.75481527246867,64.40449438202248,2225
50,25,70,40,798.3510056593183,-65.23325097126487,64.74538332400671,1787
120,10,60,20,796.9797301108293,-34.21163731377238,64.12894375857339,1458
50,15,60,20,795.578052942076,-47.002174570957024,65.10215350635008,1811
120,10,70,40,794.5724056201229,-42.914726309382274,63.88415672913118,1174
60,25,70,40,793.6705727437701,-51.233903236686515,64.26966292134831,1780
60,25,60,40,789.4091387023776,-52.0284639658141,65.11720301946762,2517
60,35,75,20,788.1957845035805,-57.97663285539754,59.87261146496815,2041
50,15,65,20,787.1315062835208,-46.352841788358624,64.12078152753108,1689
60,10,80,10,786.4419490632697,-37.31138460508682,51.14942528735632,1218
100,20,75,40,784.2943166907253,-45.131808853342804,62.754743499648626,1423
120,35,75,10,781.6828873414593,-45.72239402995674,52.61255340124876,3043
60,30,65,40,781.10199921996,-55.1186283852119,64.15675913694407,2271
20,25,60,20,779.5648361098769,-45.94927496416242,65.53512494106553,2121
120,25,65,20,774.4172532762244,-53.71222450919867,64.01499375260308,2401
100,20,80,20,772.3746885439987,-47.97581271115928,55.62953995157385,1652
60,15,70,20,770.2653257875786,-46.7170601600416,60.775862068965516,1624
60,25,65,20,770.0761494455909,-53.27623960665555,64.24116424116424,2405
50,20,65,20,769.6497511529009,-50.32512893447746,64.23841059602648,2114
200,35,65,40,766.9269534594213,-45.986957517086935,64.00535236396075,2242
120,25,75,10,766.7257145969593,-46.427846421599355,52.52877572375305,2867
200,30,75,40,758.6423589714235,-63.770545119794896,63.49413298565841,1534
100,30,80,10,757.4355681580357,-48.23869531187892,50.93145869947276,2845
50,15,75,40,744.6100872418187,-50.900917831119315,62.57309941520468,1197
20,30,70,20,739.0942397979895,-48.08347256155891,63.934426229508205,2135
200,10,60,20,735.6117031207725,-41.49852499041559,63.224984066284264,1569
200,15,75,40,735.4856268422815,-44.734169505101555,63.27329678935004,1277
200,30,75,20,734.133048706813,-52.91815770985754,59.13978494623656,1953
100,25,70,10,729.39990655826,-50.06348644577978,55.35595475715236,3006
200,30,80,20,729.3562460734288,-58.52813321905674,55.907780979827095,1735
100,20,80,10,728.3523803977118,-58.47641624741324,50.317460317460316,2520
100,35,75,10,725.3561891812687,-40.588640155181125,52.82152230971129,3048
200,35,75,20,722.7723579702122,-61.96474488657353,59.34343434343434,1980
60,30,65,10,718.3325694561116,-58.408230261468816,58.181283107710414,3398
200,35,75,40,711.0615481790107,-65.31403089123027,63.38939197930142,1546
20,25,75,20,701.1710233918513,-48.83963419423904,60.99939061547837,1641
50,35,75,10,699.2986649451789,-62.03213307890124,51.837398373983746,3075
200,10,60,40,694.2792941980339,-38.58594365812264,63.13301823092505,1481
20,30,60,40,691.1836011101603,-55.217875968646105,64.77861986437973,2507
120,10,65,20,690.1434963207181,-42.20213757734822,62.8140703517588,1393
50,10,65,20,688.4565496283293,-31.962333733171793,65.12770137524558,1018
120,20,65,40,686.5178795755564,-38.558720859048975,64.12487205731831,1954
50,20,70,40,685.7563370595749,-54.488440351630985,64.88970588235294,1632
50,30,60,40,684.905100119965,-54.20909442264379,65.34282502810042,2669
200,25,65,20,683.8636036890712,-49.81455594953338,63.38682432432432,2368
20,25,80,20,683.8514420227749,-50.77764074252008,56.97131420947298,1499
50,35,60,40,677.3721269937068,-46.230612625326096,65.22361359570662,2795
120,20,70,20,676.8725830046918,-43.52384129445407,61.88811188811189,2002
20,25,70,40,673.0900675568004,-40.75215983944776,66.08150470219437,1595
20,30,70,40,670.642572580119,-48.5116423152989,65.5002733734281,1829
200,30,65,40,664.6570689461303,-44.61555017172669,63.89396709323584,2188
120,30,70,20,663.9718153489773,-45.91040789712357,62.84055381866905,2239
20,30,60,20,661.3015095310044,-43.30657275878919,64.1044776119403,2680
50,30,75,10,658.9043434788823,-45.844404049440406,52.07001009761023,2971
60,20,65,40,655.4072912477643,-45.8904648725048,64.63858554342174,1923
120,20,80,20,651.8667269625356,-44.067184111369926,55.49483910139648,1647
20,25,70,20,645.3750882188867,-47.00093859418221,63.941769316909294,1786
200,20,80,40,638.9640668643838,-52.47619802424918,63.45826235093697,1174
120,10,75,40,638.4046364017709,-44.59145065600267,62.53602305475504,1041
50,15,70,40,637.2844256613354,-52.283487410385355,64.13440467494522,1369
50,30,75,20,632.692456323679,-57.119088007498796,58.84115884115884,2002
100,30,75,10,631.5742754996577,-49.24794812364423,52.51340482573726,2984
50,25,80,10,630.0217165018877,-53.8526442255631,49.04027098231088,2657
100,20,65,40,628.6926080613636,-53.876511067378885,64.2380708055413,1949
100,35,60,20,627.8692573539631,-43.0495637198566,64.41018766756032,2984
50,35,65,40,627.8618148171336,-55.856512492536744,63.988095238095234,2352
60,35,70,40,620.232304037386,-50.022951448274576,62.54622292657158,1893
60,10,60,40,619.6705893654661,-31.450280498935022,65.33687943262412,1128
60,10,60,20,619.0659223513339,-26.723476127222824,64.52991452991454,1170
50,10,75,10,618.0605330663359,-33.63967826713338,51.99258572752549,1079
120,25,70,20,615.7053956126321,-49.86186426146421,62.085086489013555,2139
120,20,65,20,615.3488258560685,-50.147060717519466,63.25602546612097,2199
50,10,60,40,611.1773413255005,-32.12725083541491,65.39589442815249,1023
60,10,65,20,610.9099156665947,-38.165915284017906,64.35555555555555,1125
100,15,65,40,603.5274243804438,-41.60288479384954,63.691194209891435,1658
50,15,80,20,597.1783103647276,-50.26402117587803,54.48577680525164,1371
100,15,70,40,597.1440279090629,-46.167351814206086,63.76306620209059,1435
200,10,75,40,596.6674914694801,-36.860816310484374,63.53488372093024,1075
60,15,75,20,595.6665484038202,-55.98177769190459,57.31225296442688,1518
50,25,65,10,595.5893975337983,-43.81912105429321,58.07803934214769,3101
60,20,75,10,595.4816737981914,-50.476250642389154,51.06803797468354,2528
20,20,75,40,593.4104950253461,-35.9280885287492,64.46446446446447,999
60,10,75,10,592.4829436020632,-37.92280304754485,51.99674001629992,1227
100,20,75,20,585.9737956872716,-41.57497720486314,59.27777777777777,1800
120,15,60,20,576.8191402008725,-44.51074981781791,63.71638141809291,2045
200,30,65,20,576.8025347365284,-49.887822908292485,63.526081682167415,2473
50,10,70,40,575.7404013227616,-38.62105913858594,65.29284164859001,922
120,35,70,20,570.6195811547109,-52.78801997682842,62.22418358340689,2266
20,35,75,40,566.7806483857474,-51.738349097320494,63.697788697788695,1628
60,25,75,10,564.9310068105276,-60.08984353168344,51.58081705150976,2815
60,35,80,5,561.9753395373044,-57.40464969337826,48.179335457441965,4394
50,30,80,10,560.0700339229758,-54.739413507350896,49.41218382614891,2807
200,25,65,40,558.1005737510793,-47.87138501906685,63.549160671462836,2085
200,15,70,40,557.4865473061573,-45.26323922908312,62.89222373806276,1466
60,30,75,40,557.423508360126,-59.398799982988336,63.130659767141005,1546
50,10,70,20,556.8728970002894,-36.62392412997413,62.34693877551021,980
20,30,80,20,552.2412804612947,-55.228697903546376,56.48899188876014,1726
60,35,70,10,552.1409388504678,-60.49961080824763,54.54545454545454,3267
200,20,60,40,545.5500694061753,-49.481818563322285,63.98585947856827,2263
200,35,80,20,545.236888880821,-65.43437785091561,56.146369353916526,1749
200,10,80,20,545.121196392177,-43.89124199151764,55.33980582524271,1236
200,35,65,20,544.6848049809181,-45.979669083984966,63.282172373081465,2541
50,10,80,10,541.9587673721023,-37.988842052346946,49.90654205607476,1070
100,30,70,20,536.1396230022009,-49.91585557368907,62.55565449688335,2246
50,20,75,20,534.4475426988979,-43.387246597494496,59.00514579759862,1749
120,10,70,20,534.4447559177202,-41.43761624132119,61.01438304314913,1321
120,35,80,20,532.0762195282691,-44.56665155393684,55.52470849528039,1801
50,20,60,40,528.1977616992316,-58.61710545582353,64.86111111111111,2160
60,30,80,5,527.9583627577176,-57.96736836520612,48.5252808988764,4272
60,20,80,40,526.8404095380178,-48.7333565585693,62.43654822335025,1182
20,25,80,40,523.112945497057,-45.029233763297135,62.370242214532865,1156
200,30,60,20,518.5906938098524,-52.151698367739264,63.701836514223984,2777
60,30,70,40,513.3159113561084,-52.75650645053489,62.78195488721805,1862
50,35,75,40,512.4747615698748,-51.1513843569654,62.65060240963856,1577
120,30,75,10,511.65483298065294,-51.981022492602804,52.329869259135094,2983
20,25,80,10,509.76454389801785,-44.24390744635126,51.07421875,2048
100,10,80,20,509.3996990934596,-45.1685102248593,55.208333333333336,1152
120,15,70,40,508.33514293743275,-54.32011934361603,63.255494505494504,1456
100,10,75,20,507.0807001277476,-48.502768681938434,58.68312757201646,1215
60,30,70,10,505.66729511242494,-54.337327178828055,54.63754352643242,3159
50,25,75,10,504.5677691757495,-51.83203430632348,51.83982683982684,2772
50,10,75,40,500.851662282435,-39.51040756627397,62.455726092089726,847
100,20,75,10,500.19303524043704,-52.24751237905796,51.785028790786946,2605
100,20,65,20,499.5925921737716,-55.02032295657131,63.59489051094891,2192
60,10,65,40,495.9462293852026,-46.76176725585633,65.4494382022472,1068
200,15,65,40,495.7738946408019,-40.44497565442412,63.3177570093458,1712
200,10,65,20,495.1940161095376,-45.30238748123181,62.19512195121951,1476
50,10,60,20,494.71911137843955,-30.864208152527006,64.65517241379311,1044
20,20,75,20,493.7247097712226,-42.93310400312132,61.3198900091659,1091
20,30,75,10,493.2903623504803,-55.140143004184395,53.093363329583795,2667
120,35,75,20,486.3353624599185,-57.68117672285401,59.50617283950618,2025
50,20,65,40,484.6915309274011,-59.04021755530958,64.59430979978926,1898
100,35,65,10,483.5535994068997,-52.14497658764656,57.91594703511802,3474
200,10,65,40,481.79557583843575,-43.79436706964338,63.36559940431869,1343
100,15,80,20,481.1646193806022,-49.714394999352734,53.85665529010238,1465
200,30,60,40,477.52961708763166,-50.73617823282734,63.30488750969744,2578
60,10,80,20,475.5914317292328,-38.71896743822966,54.90981963927856,998
20,30,65,20,475.1543446483967,-61.40785235132618,64.68633153302866,2407
60,30,75,10,475.15297288512033,-68.3657634301795,51.44878706199461,2968
200,20,80,20,472.41135752571734,-54.13500333625927,56.07649599012955,1621
20,35,80,40,471.84020039794365,-55.89598682082033,62.11782252050708,1341
200,20,75,20,468.1171294253818,-59.766670238584275,58.620689655172406,1798
20,20,80,40,467.1152782071748,-43.049603428978614,62.86031042128604,902
200,35,60,20,466.4508849350744,-50.078241865468534,63.61420612813371,2872
20,30,70,10,464.20236294590336,-57.63635089994891,56.20099786172488,2806
200,15,80,20,463.12178758593524,-47.20916510921484,54.40484196368527,1487
50,20,60,20,461.74336287178176,-61.256540192802454,64.43569553805774,2286
100,25,65,10,459.9423475226164,-50.3006551880127,57.47809762202753,3196
120,15,75,40,454.59405650202154,-48.20764575575767,62.33148295003965,1261
60,35,70,20,454.53461387789497,-54.983435362939524,62.51626898047722,2305
60,35,65,10,454.1582900195733,-69.56402627678916,57.91121229368241,3514
120,15,65,40,453.1962187724978,-46.294452561571035,63.126491646778035,1676
50,10,70,10,451.7212386349693,-33.00949989881272,54.729109274563825,1089
60,15,75,10,446.46530020367015,-43.58799874206284,51.60177427304091,2029
50,30,75,40,445.8325733393484,-50.34515981258435,62.66924564796905,1551
50,30,65,10,445.4569547907266,-54.48286703883593,58.07416267942583,3344
200,20,60,20,443.420317392568,-56.97419731654063,63.97540983606558,2440
50,25,60,10,441.25153392851837,-50.86608189879328,60.35790112223233,3297
50,10,75,20,441.0610917496443,-36.30737377982068,57.85036880927292,949
100,25,60,10,423.9845170003151,-41.62120550407437,59.78324545987112,3414
120,30,75,20,423.76392870413986,-57.72927588888497,58.97948974487244,1999
50,10,65,10,422.6966056378968,-30.215630363594165,57.98548094373865,1102
100,10,80,10,419.11605690401166,-50.32041814471301,50.13315579227696,1502
200,25,70,20,418.51845967186847,-47.04837200434932,61.199040767386094,2085
20,35,75,10,418.4183723696811,-51.16466807371096,53.21070234113713,2990
200,20,70,20,417.14841397482854,-52.051220139682705,61.73469387755102,1960
200,35,70,20,416.8222517179596,-53.3264406674164,61.72227231740307,2218
200,35,60,40,416.13277376137114,-50.817289259091304,63.612467142320696,2663
200,15,75,20,411.59180414222425,-44.99516315640682,57.49844430616054,1607
60,25,70,20,409.9456660243124,-65.87572922371724,62.10476639924492,2119
100,30,65,10,408.405020925607,-53.36159134305065,57.421068161699615,3389
60,15,75,40,406.7478392216792,-48.39176245936733,61.67763157894737,1216
50,30,60,10,401.8680501068708,-52.42587430502329,60.271693928472416,3607
200,15,60,20,401.71315380820147,-49.018621594144264,62.99326275264677,2078
200,30,70,20,401.3417620409729,-48.549615928909766,61.35842129417164,2179
120,30,65,10,399.8608004125469,-61.23438817149156,58.01186943620178,3370
120,25,65,10,395.48574878292993,-51.14243321766017,57.370892018779344,3195
120,10,75,20,391.4551817422351,-42.72282480522199,57.599999999999994,1250
50,20,70,20,390.31451704594764,-52.10560028481712,61.45339652448657,1899
100,30,75,20,387.2552080002146,-51.55636193354427,58.63110216406643,1987
20,35,65,20,386.8799638518893,-55.52137497343656,65.01111934766493,2698
50,10,80,20,381.8726899269115,-40.95509090322463,54.074889867841414,908
60,10,70,10,380.64056550500493,-36.623299897480564,54.07586763518967,1239
50,20,80,10,380.35103016960556,-49.946971967091486,49.30055108096651,2359
50,10,60,10,380.3111340922932,-31.57573099231577,59.391771019677996,1118
60,10,70,40,378.6548860024382,-56.88098407422192,64.56852791878173,985
50,35,60,10,375.6629296668799,-50.439160672750795,60.69560669456067,3824
200,20,65,40,374.10441187526357,-48.94005734393998,63.74419804022692,1939
50,15,75,20,372.70905041988874,-48.33176521919557,57.61316872427984,1458
200,15,60,40,367.2152734930428,-50.731028300987646,62.532299741602074,1935
100,15,75,40,365.3465163075713,-52.39816261313188,61.15569823434992,1246
200,15,70,20,361.11535494227525,-52.48325600517547,60.62176165803109,1737
50,15,65,10,356.49260858395496,-43.00446876939316,57.17092337917485,2036
50,35,65,10,355.46978912439135,-67.18329157917186,57.67256132344553,3506
50,15,70,20,353.18080054597215,-52.88007845077824,61.17192530585963,1553
200,10,80,40,351.0629463041391,-38.23697253047341,61.521972132904615,933
100,10,60,10,350.8388346158499,-49.807501781719225,58.93630179344464,1617
200,10,70,40,347.71681992192936,-44.48970991934087,62.90189612530915,1213
20,25,75,10,346.9629785780454,-41.79226372560457,53.2166508987701,2114
200,10,75,20,345.93416469346687,-44.675162358377854,58.55717574827322,1303
60,20,70,10,338.76493555888817,-59.481513958981445,53.93087732624383,2633
200,5,60,40,337.0981288346488,-37.51523079138897,66.52046783625731,684
100,15,65,20,333.84758478673353,-49.52388231607185,61.86071817192601,1838
120,35,65,10,333.6406877678387,-60.18477398055858,58.16503173687247,3466
200,25,80,10,332.70662259382505,-61.35833471895118,50.20347761746208,2703
200,30,80,10,332.3069243842993,-64.46273560273823,50.699677072120565,2787
60,20,65,10,330.4232894443819,-63.35294126090609,56.936416184971094,2768
60,10,75,40,329.73794842358126,-53.44766942902375,62.430323299888514,897
60,10,70,20,329.29739184105114,-41.921743662628074,60.43030869971936,1069
20,20,80,20,326.98625117512785,-44.26207961409841,56.417624521072796,1044
50,15,80,10,326.86215885815227,-46.59236194902018,49.11528150134048,1865
20,35,75,20,326.71441380431963,-49.92944554013234,59.50653120464441,2067
60,10,60,10,326.28170357519804,-32.076226997043086,58.620689655172406,1276
100,30,70,10,321.1080574331554,-53.426879110759,54.976303317535546,3165
50,30,70,20,320.20293017360154,-54.31497217928813,61.947700631199275,2218
60,10,65,10,319.107866315445,-34.42354062652429,56.89243027888446,1255
60,15,80,10,318.16634502925024,-49.19040878009963,49.949698189134814,1988
200,15,80,40,316.2079336098459,-45.97468291480791,62.928637627432806,1079
50,15,75,10,315.9447604706476,-49.305192723753635,50.65685759327378,1903
100,10,75,10,315.00132736954464,-57.76492097061327,50.81752779594506,1529
120,25,60,10,311.45990911730576,-51.932877882661366,59.661412726211324,3426
120,10,80,20,310.39879084512984,-51.89539247803171,54.58404074702886,1178
100,20,65,10,308.24506781915426,-52.358179768467075,56.582633053221286,2856
20,25,65,10,296.74439349697985,-40.049197449984895,59.36686903729401,2306
100,10,65,10,296.25386600400907,-56.87012279170948,56.36822194199244,1586
60,15,60,10,295.26280101056193,-45.44569289926039,59.119217081850536,2248
60,25,60,10,293.9276221297812,-46.87067256587442,59.54153021732659,3359
120,25,70,10,291.96152056878464,-51.715015851071,54.53940804788826,3007
60,30,70,20,290.4537871648075,-71.97596609745364,61.91756272401434,2232
50,25,70,10,289.46405951861277,-49.499607620532515,54.386566141192596,2918
200,5,80,10,289.13440330097654,-36.813964175193036,52.459016393442624,732
100,15,75,10,288.8965106552616,-49.73435578262212,50.713956701980656,2171
60,30,60,10,288.5516511750591,-49.59897078474431,59.8580010922993,3662
20,35,60,40,281.91121171539373,-55.30298273223085,64.74588403722262,2794
200,10,70,20,280.08428188982475,-48.71549998300138,60.775862068965516,1392
200,5,60,20,279.240471521006,-35.67889343727684,66.00284495021337,703
60,25,65,10,278.9178435100727,-53.652984276515824,57.484076433121025,3140
100,35,70,10,278.50670411431037,-54.25868747821041,55.15860794579612,3247
120,15,80,10,276.6008223090965,-46.42906237107552,49.746660525103636,2171
60,15,70,10,276.2137615531156,-49.35568524450951,53.97509578544061,2088
50,35,70,10,274.45443673015177,-62.306251354290644,54.52876376988984,3268
200,5,75,10,271.58246290823575,-36.830577107794085,53.950953678474114,734
120,5,70,20,271.3599911933744,-32.023397167417514,65.24953789279112,541
50,25,80,5,269.401879513677,-42.53228495852776,47.72727272727273,3960
20,35,70,40,268.754309559024,-49.86527243388396,64.69979296066253,1932
20,30,60,10,267.85551234832775,-58.50504044634528,61.14609571788413,3176
60,10,75,20,267.65354450968107,-45.97415209141978,57.07364341085272,1032
20,20,80,10,267.4927538704166,-39.31114140166131,50.53497942386831,1215
60,15,65,10,267.42880748275087,-49.04207199126648,56.394810009267836,2158
60,10,80,5,267.27067042525226,-29.999904617196094,50.101146325016856,1483
50,30,70,40,264.08694327056594,-68.65393491186008,63.4646519158122,1853
60,20,60,10,262.32718384635723,-65.95829253267182,58.60417379404721,2923
200,20,65,20,261.403465563674,-59.01518032311293,62.70096463022507,2177
50,10,80,40,260.60137901924526,-42.99729325301173,60.77922077922078,770
120,30,70,10,258.5464188245094,-53.62716198218337,55.24142312579416,3148
120,5,60,20,256.75908162060784,-29.65315737984277,68.21428571428572,560
120,5,60,40,256.7456120540992,-32.32881771446074,68.18181818181817,550
50,35,70,40,256.46978782048785,-66.98273083572091,63.2577754348972,1897
100,15,60,10,254.2172974443423,-43.05705016964753,58.748456154796216,2429
120,5,75,20,253.5712141904034,-36.23429168350765,60.263653483992464,531
60,10,80,40,249.0640349868701,-54.067714730138164,62.14896214896215,819
20,25,70,10,248.71431754495714,-52.38969938368954,56.019990913221264,2201
60,25,80,5,243.4904108031974,-52.17348018346042,47.961990497624406,3999
100,20,70,20,243.30356913756174,-56.544859106086186,61.518987341772146,1975
20,20,60,40,238.25138837384415,-36.720229854485254,65.28239202657808,1204
100,15,80,10,238.1307140405922,-53.11290084858257,49.079754601226995,2119
120,5,80,20,237.61944791302648,-43.44085945540685,55.96153846153846,520
50,15,60,10,236.37041013423436,-46.77979227819599,59.227467811158796,2097
50,35,80,5,233.66932309071862,-61.36900500522893,47.39713571266197,4399
100,10,70,10,231.44195259640514,-63.230752567934466,52.82413350449294,1558
20,35,65,40,230.04165318031028,-58.70298499831128,65.40722082283796,2382
200,5,65,20,227.62825521876846,-36.61501189646753,65.50218340611353,687
100,5,70,20,226.96020395364437,-28.48401131293795,64.40329218106996,486
120,35,70,10,225.67663883952,-51.97161188426964,55.14250309789344,3228
20,35,60,20,225.6161398750273,-50.34655020142269,64.0479360852197,3004
120,15,70,20,224.26169566228134,-61.83530284453474,60.046728971962615,1712
60,30,75,5,223.7541130682905,-66.09288397343983,48.70873568380867,4453
60,25,70,10,222.83637110871615,-61.3000060036056,53.989181879648406,2958
200,20,80,10,222.2784284589802,-61.0189350741749,49.90161353797718,2541
20,30,65,10,221.71168775161613,-59.900273637879664,59.53177257525084,2990
200,5,65,10,220.24550914068416,-35.43211997549919,57.89473684210527,741
60,15,80,5,220.08869738187457,-46.7003053243406,48.57664233576642,2740
50,20,75,10,218.7411863116917,-55.12613316099168,50.918742343813804,2449
200,5,60,10,215.87166022854694,-35.56092470228177,59.70548862115127,747
50,20,65,10,215.38602209828687,-64.05356500123241,57.14285714285714,2667
120,5,80,10,214.263915094052,-24.708952966142004,53.239929947460595,571
20,20,70,40,213.54714606989296,-40.165728947454475,64.67289719626169,1070
200,5,65,40,212.34264370095167,-38.388318349642375,66.61585365853658,656
200,10,65,10,210.07027142641363,-59.41343250266973,56.42303433001108,1806
200,5,70,20,209.1315850486307,-38.50336924858732,63.582089552238806,670
120,15,60,10,208.2657981969063,-46.0983293992552,58.9051963506545,2521
60,10,75,5,207.99369629144303,-30.905682179330125,50.134408602150536,1488
100,5,60,20,206.0084455333694,-26.907459237806414,67.80684104627767,497
100,10,80,5,204.963754012604,-50.84124042518734,48.70867768595041,1936
100,30,60,10,204.6838519288119,-48.599521032290546,59.5296691277003,3657
200,15,65,20,203.28314269767236,-53.433460382572115,61.93001060445387,1886
100,15,70,20,202.6484428651762,-53.15304181863698,59.98817966903073,1692
120,5,75,10,201.4203538874547,-24.391056089729396,54.87804878048781,574
200,25,70,10,201.40340415533805,-55.96480638387358,53.916272788656315,2962
60,35,75,5,201.24808235012654,-66.00988330742604,48.362611147256565,4611
200,5,70,40,200.6479947349247,-38.96707407089481,65.75999999999999,625
50,5,80,20,200.22528288589078,-16.862862099172684,60.71428571428571,196
50,30,70,10,199.63999459828145,-64.7165242327836,54.35406698564593,3135
120,5,65,20,198.94352495533155,-33.438918619027994,66.66666666666666,549
50,20,70,10,198.4632789633372,-55.90467142339634,53.4251968503937,2540
20,20,65,40,196.66217754250658,-48.35854749889491,65.79406631762653,1146
200,25,75,10,196.61851601015354,-60.87769184742172,51.56028368794326,2820
60,35,60,10,196.44822138108503,-62.97311275023287,59.85897101070775,3829
50,35,70,20,193.03729003567307,-69.34549437086093,61.49122807017544,2280
50,5,70,20,192.69189951187826,-15.34523346512739,71.57360406091371,197
100,5,65,20,192.4854886056845,-29.81589225165513,66.3265306122449,490
120,15,80,20,190.39883608579808,-51.97849184494673,53.950953678474114,1468
20,20,60,20,189.13103412924332,-39.435330860671776,65.1105651105651,1221
120,5,70,40,188.95008314988507,-37.19251113839356,66.34429400386847,517
200,30,80,5,187.59421910239558,-71.87821379857296,48.42080265970078,4211
50,20,60,10,186.54257702308917,-70.50723290369419,58.575008950948806,2793
60,20,80,5,185.90864623610094,-59.13026261261214,48.270975056689345,3528
100,5,75,20,185.09258062443985,-32.95398527483832,59.20502092050209,478
100,10,75,5,184.47314566309308,-49.5144554096835,48.77049180327869,1952
60,10,70,5,182.72224976664253,-30.495831134840106,50.201072386058975,1492
120,15,75,10,182.18681277510157,-45.811730522223556,51.12107623318386,2230
60,5,75,40,181.749944612151,-28.017295305171857,65.92592592592592,270
60,10,60,5,181.1629090004227,-26.011586908865443,51.69660678642715,1503
20,35,80,5,180.7804016801487,-60.62633385486319,47.95307637060091,4177
50,5,75,20,180.2366873014724,-15.34356492156656,64.9746192893401,197
100,35,80,5,180.0708615994742,-77.95741183514937,48.22613870450904,4369
20,20,65,20,179.8192715580311,-48.313916185961496,65.22842639593908,1182
200,5,70,10,179.09768028090727,-37.34439350763533,55.359565807327,737
100,5,60,40,177.767861613899,-30.3931738714456,67.82077393075356,491
200,35,70,10,176.89114982074364,-59.180388568179886,54.32098765432099,3159
60,10,65,5,175.60060713381606,-24.395842768468558,50.63460253841016,1497
60,15,75,5,174.72766289537853,-50.59814412893699,48.95306859205776,2770
100,5,70,40,173.81557177598003,-36.00068914613148,66.52452025586354,469
60,5,70,20,173.69790548536312,-28.178574505277137,66.17647058823529,272
200,35,80,5,173.19053639946281,-74.10181357529744,48.66134335368717,4258
20,20,75,10,172.93018562600588,-38.85605296148643,51.86991869918699,1230
50,10,80,5,172.6860397113606,-24.884252258710077,49.43820224719101,1246
100,10,70,5,172.22578188691818,-48.95350008887738,49.18781725888325,1970
60,5,80,10,171.46677878481876,-15.33499271517115,54.18181818181819,275
120,5,70,10,169.31716417544754,-24.9395025419403,56.770833333333336,576
60,5,60,20,169.05575496818045,-22.533201609120518,69.23076923076923,273
60,5,75,20,168.00041451301615,-28.169478016481314,60.29411764705882,272
60,5,80,20,167.70591857431975,-28.142840615230497,55.970149253731336,268
20,30,80,5,166.98550777446633,-63.096184209144624,47.453894852738784,3633
50,5,80,10,166.16980991828174,-9.055395682445777,54.54545454545454,198
200,35,65,10,163.3567810483044,-57.23721805709755,57.23995271867612,3384
200,35,80,10,163.1730869700549,-67.29837277299995,50.24822695035461,2820
20,20,70,20,162.25389551012722,-41.319815386623155,63.03191489361703,1128
120,5,75,40,162.20532958000535,-49.0352396525145,62.909836065573764,488
50,5,75,40,161.56567612202886,-19.449703036525392,68.87755102040816,196
100,20,60,10,161.53203607983647,-50.54833815634553,58.80794701986755,3020
200,30,75,10,161.0614817255739,-74.60727229902318,51.42562693232566,2911
200,10,60,10,159.79584966251426,-58.18949352858205,58.826695371367066,1858
100,15,75,20,158.40733525759472,-48.29118470220122,55.597964376590326,1572
100,30,80,5,158.40664990123236,-73.59321593072396,47.864644107351225,4285
100,5,80,10,158.03769939273172,-22.03404180996294,53.43811394891945,509
100,5,75,40,156.68492821725653,-41.6232535782084,63.31096196868009,447
100,20,70,10,155.27732739682855,-62.75707445175345,53.6055923473142,2718
50,5,70,10,155.00721369145865,-9.052077245749478,60.60606060606061,198
60,5,65,20,154.93907145977542,-28.17032178916941,65.80882352941177,272
60,25,75,5,153.82438276168574,-56.457888015932625,48.40579710144928,4140
50,15,70,10,153.346407755105,-61.45244706804657,52.860061287027584,1958
60,15,60,5,153.2819884591857,-51.00995536464353,51.60955347871236,2889
20,25,60,10,153.2543176946471,-49.458058500807894,60.80402010050251,2388
100,5,80,20,152.5776721321859,-44.917881089746786,55.08474576271186,472
60,30,70,5,151.6607769328512,-64.45226625899997,49.494949494949495,4653
50,5,70,40,151.53729705122586,-17.29122597117562,72.44897959183673,196
120,20,60,10,150.77508167777688,-57.156396759644714,58.80820579615761,3071
60,5,70,40,150.75901007543368,-28.01258405011232,68.63468634686348,271
50,5,75,10,150.6460738625871,-9.051311601449187,57.07070707070707,198
60,5,60,40,150.46877967804164,-18.180599699260174,69.48529411764706,272
120,5,65,40,150.03370455706158,-38.72802012360408,67.35849056603773,530
120,5,65,10,149.94673418383942,-26.592836492497803,58.99653979238755,578
100,5,75,10,149.31218739162367,-22.170584248873563,54.59882583170255,511
50,10,75,5,149.02148132478,-25.67460098024032,49.519999999999996,1250
60,5,75,10,148.02852512407054,-15.336059762153262,54.90909090909091,275
60,5,80,40,147.07050459368406,-28.597550644571985,63.63636363636363,264
60,5,60,10,147.0597900930454,-12.890121348558626,61.59420289855072,276
100,15,65,10,147.00865756478697,-57.698325856690445,55.20206362854686,2326
50,5,65,20,146.93306644593446,-15.347202165655307,70.55837563451777,197
100,10,60,5,146.91008751275595,-45.42620178209095,51.0214250124564,2007
50,5,80,40,146.3050558517443,-23.566539422372223,65.12820512820512,195
120,5,60,10,146.22537219121105,-25.52172922862515,60.78767123287672,584
100,10,65,5,144.70697718831912,-46.189737029648164,49.84909456740443,1988
200,15,80,10,144.25965166895799,-70.16320927692816,49.23903312444047,2234
50,5,60,20,144.25113064675216,-15.343646055747136,73.60406091370558,197
60,5,70,10,143.43984405311994,-13.63239014125574,57.09090909090909,275
100,5,65,40,143.41057127127073,-33.862759041668596,67.5,480
200,35,75,10,141.31128812899445,-69.91290198751602,51.34770889487871,2968
120,20,70,10,141.274168961887,-54.40345994431455,53.610503282275715,2742
60,5,65,10,140.96256376308318,-15.272282148331106,58.54545454545455,275
120,15,75,20,140.81165213886524,-54.83028530182319,56.36822194199244,1586
50,15,80,5,140.78333294814533,-42.225373422867676,47.900158478605384,2524
50,30,80,5,140.38356972297655,-67.94942791534933,47.38330975954738,4242
20,30,75,5,139.79682393390425,-59.342254659631735,48.33021640395405,3743
120,5,80,40,139.77466753540946,-53.42329308931257,61.48936170212767,470
100,5,70,10,139.71558825891827,-22.779887015826773,56.640625,512
200,5,75,20,139.55371077290297,-43.32251784773087,57.97546012269939,652
60,30,60,5,139.51193071610723,-60.13646498159193,52.48158200853044,5158
20,35,70,10,138.20677906049897,-59.64492814025295,55.76138147566719,3185
100,35,60,10,137.78711327267743,-50.98308649719524,59.6505162827641,3777
100,25,60,5,136.36564628388658,-58.72824310794883,52.393726784977304,4846
200,30,65,10,135.7691756606679,-57.57595478896626,57.00453857791226,3305
200,5,80,40,135.70710550077817,-61.52166165277264,60.98901098901099,546
200,25,65,10,135.24095961584956,-59.58873498486946,56.852791878172596,3152
200,30,70,10,134.95579522839444,-64.61239569087189,53.61895488477767,3081
120,10,80,5,133.87429551263295,-49.52626274867753,48.61043393466601,2051
100,5,80,40,133.04998303499883,-50.39774566468358,61.662817551963045,433
50,5,65,10,131.8062344241473,-9.053633767310348,62.62626262626263,198
50,5,60,10,131.22598392282944,-9.050561712333973,65.15151515151516,198
100,5,65,10,129.53412556287884,-23.084388455902253,58.7890625,512
60,5,65,40,128.04561176310511,-28.00484750796082,67.52767527675276,271
60,30,65,5,127.72807534840487,-67.58773185945887,50.81833060556464,4888
100,15,70,10,127.67047845868879,-56.84362913321807,52.54010695187166,2244
50,25,65,5,126.43651074038478,-49.20435482499174,50.51101521689757,4403
50,5,60,40,125.80807092640941,-17.296126560023836,73.9795918367347,196
50,25,75,5,124.88815848270237,-48.07891241872272,47.91154791154791,4070
60,5,80,5,124.3664993061035,-14.266101257560534,54.06360424028268,283
50,10,70,5,123.95118876426845,-26.67295178311115,49.760383386581466,1252
120,10,80,10,123.78037386414707,-68.77724407343891,48.745980707395496,1555
50,15,75,5,123.32563137249694,-44.246494880911264,48.35164835164835,2548
120,20,65,10,121.11493009292134,-55.873943544032755,56.22183708838821,2885
60,15,70,5,121.10372318816252,-60.22851084857423,49.233511586452764,2805
20,25,75,5,118.37353347945272,-66.87318071474874,48.90988372093023,2752
50,10,60,5,117.64540683320499,-23.90598251304519,51.471758154335724,1257
50,5,65,40,117.53022805648534,-17.29891613900706,71.42857142857143,196
60,15,65,5,117.25521151438576,-59.302588859040675,50.12293642430629,2847
60,35,60,5,115.56291654637576,-59.019579299789356,52.555413079318555,5459
50,5,80,5,115.40002471546073,-8.212817565873436,57.711442786069654,201
120,30,80,5,114.94897728947748,-70.7729030097144,48.111007462686565,4288
60,5,75,5,113.3270400536743,-15.745482034104308,54.06360424028268,283
120,10,60,10,113.16580430381404,-56.32172406025317,57.963291888691536,1689
100,5,60,10,112.40923750565983,-23.412264933848604,60.46511627906976,516
120,10,75,5,112.28488224102482,-52.429644688994635,48.54932301740813,2068
200,30,75,5,112.20241618751893,-62.301286175543446,48.73892297205181,4401
20,25,65,5,111.58229412890526,-70.33844972785973,51.37486947441698,2873
50,30,75,5,110.05422387008767,-70.26983549948852,48.12132186509733,4418
120,10,60,5,109.10337801726095,-48.80166690123207,51.05782792665726,2127
20,25,80,5,108.74476281757323,-69.48476529375658,48.438074237412714,2721
50,5,75,5,107.91173649298136,-8.21441952554314,57.711442786069654,201
20,30,70,5,106.77125814744409,-66.72530200286477,49.275737196068285,3866
50,10,65,5,106.30008935702473,-24.36399239491149,50.3585657370518,1255
120,15,65,20,105.63177872106681,-55.492199461615144,61.26418152350082,1851
200,5,75,40,105.22357410498726,-56.90000467260251,61.5916955017301,578
20,20,65,10,104.15996511439327,-37.682438522309816,57.580518460329934,1273
60,5,70,5,103.66976671145412,-17.10374162392336,54.06360424028268,283
20,25,70,5,101.80403935919227,-72.22226878634363,49.520085318165656,2813
50,5,70,5,99.99614166619206,-8.212153456935726,57.711442786069654,201
60,25,70,5,99.6685029876594,-60.541337057888924,49.05484247374562,4285
120,15,65,10,99.22262583995945,-56.318169788658544,55.638784852267996,2403
60,20,60,5,98.91241062447963,-59.48845984200728,51.89519206308827,3931
50,25,60,5,97.1139961028775,-55.54783677194464,52.11236933797909,4592
120,25,60,5,96.51632996479653,-63.658443847639646,52.87850850235607,4881
20,20,80,5,96.32318800954683,-32.606258928401,48.489208633093526,1390
60,5,65,5,96.16423082519515,-18.023601971351063,54.06360424028268,283
120,15,70,10,95.93202748377252,-60.86287106021284,52.70034843205574,2296
200,5,80,20,95.37978639304798,-49.532975921604354,53.61635220125787,636
120,10,75,10,94.73662956344123,-70.29600244010373,49.621212121212125,1584
200,25,75,5,94.48033463367716,-71.63958053872427,48.318332543818094,4222
200,25,60,10,94.19251923288643,-62.10572087657646,59.16446013533392,3399
120,10,70,5,93.305021202854,-53.591407141643856,48.82494004796163,2085
20,20,70,10,92.37293295295801,-36.16280322906277,54.30622009569378,1254
50,5,65,5,91.94993122214913,-9.213725985497932,57.711442786069654,201
60,25,60,5,91.54508447356191,-52.86426487291689,52.348273643577095,4663
60,5,60,5,91.23491168377723,-17.081241528276845,55.633802816901415,284
50,30,65,5,88.80933780993239,-66.21074129220645,50.57684384013184,4854
20,15,75,40,88.23962227564202,-42.31483099608796,62.39554317548747,359
120,10,65,10,87.47560036831807,-67.45066319792282,55.279126213592235,1648
60,35,70,5,86.05426800540678,-69.06214648036214,49.11522633744856,4860
20,15,75,20,85.70853231805063,-27.6957020165284,58.95316804407713,363
20,15,80,20,85.37312232141474,-29.92592743137476,55.80110497237569,362
20,20,75,5,85.31555897618625,-33.741443093122435,48.67193108399139,1393
50,5,60,5,84.26492448305693,-9.213585644795554,59.20398009950249,201
120,10,65,5,83.81720592422461,-51.27408392223513,49.8574144486692,2104
200,25,80,5,83.65970325190888,-79.23617203586754,47.945879458794586,4065
200,35,60,10,83.41384716318166,-55.248783818952376,59.674796747967484,3690
20,35,75,5,83.0994365759743,-57.84352849945154,48.87666208161394,4362
120,30,60,10,83.02455264871097,-60.06538343535932,59.77515766383329,3647
100,25,80,5,82.34804071988971,-69.90118444275895,47.27406679764244,4072
50,15,60,5,81.8561882610088,-45.846928576612584,51.288855193328274,2638
20,15,65,40,81.76926207210064,-32.65898158571308,66.21621621621621,370
120,30,60,5,81.65547084907121,-63.121742702037174,53.26623623243448,5266
20,15,65,20,81.27360158602094,-24.516954939159096,65.22911051212938,371
120,15,60,5,81.24498595046657,-58.47402464909571,51.58424637251999,3377
50,20,80,5,81.09897519742881,-53.04691020465734,47.86299765807963,3416
50,15,65,5,79.62007532206428,-50.35672565370148,50.038314176245215,2610
20,15,75,10,79.25791293985777,-27.026820130062536,52.56064690026954,371
200,35,70,5,78.94087654706819,-68.28654483334334,49.61945031712474,4730
60,20,75,5,78.76069691581971,-65.5276858849257,48.50332594235034,3608
20,30,65,5,75.92322602802896,-71.23225757180094,51.096709870388835,4012
60,25,65,5,75.79920198191286,-58.07353707111582,50.48109196688297,4469
20,15,70,40,73.69202932663315,-39.266680340391204,63.43490304709142,361
100,35,60,5,72.98997699263079,-69.2023851580783,52.98644192011726,5458
50,15,70,5,72.16339667766792,-51.67368620133187,48.775748153905944,2573
100,25,65,5,71.67205095796506,-66.41910093490003,50.499782703172535,4602
20,20,70,5,70.72347501482224,-33.82870321137014,49.14407988587732,1402
20,15,80,10,70.66406311270173,-29.673454254390652,49.59568733153639,371
200,30,70,5,69.72022062928038,-63.488606850901064,49.36216216216216,4625
20,15,70,20,69.15453779154075,-26.773669082147467,61.369863013698634,365
20,35,65,10,68.85194865899571,-60.729580780059486,59.598019225167484,3433
200,35,75,5,68.84505395847182,-67.62074622572695,48.60986547085202,4460
20,25,60,5,68.4646640101462,-72.05522776891252,52.97537619699042,2924
120,25,65,5,67.90761937642655,-69.92927731169016,51.06704031041173,4639
50,35,75,5,67.49068491869093,-72.7225974263619,47.87234042553192,4606
50,30,60,5,67.42883362718457,-64.36029486273128,52.344665885111375,5118
200,10,75,10,65.18853351343326,-69.16710307699444,50.698486612339934,1718
200,20,75,10,64.98864981614084,-65.66928898957372,51.29277566539924,2630
50,25,70,5,63.10170622656115,-49.94021018163222,48.70515561891185,4209
200,30,60,10,62.209520270748975,-58.250532051980265,59.36277249860257,3578
200,10,80,10,62.00622825404483,-67.07414613201377,49.49793266391022,1693
200,5,80,5,59.07832218257769,-30.08128088554325,49.825378346915016,859
200,35,65,5,58.928926813898386,-68.90867909996427,51.21805111821086,5008
120,25,80,5,58.03750128918885,-71.37923609487052,48.10837197949719,4097
100,30,60,5,57.77207497551442,-67.75912093048355,52.58735917510025,5237
50,35,60,5,56.9617295216223,-59.086912118876626,52.93685756240822,5448
20,15,70,10,56.90873883335013,-27.703050707884604,54.95978552278821,373
200,5,75,5,55.91626393124969,-30.269713678978334,50.05820721769499,859
200,5,60,5,55.823205329795215,-33.1913825828333,51.680185399768256,863
20,15,60,40,55.748447173432766,-30.326896533432247,65.77540106951871,374
200,5,65,5,54.76701056024271,-32.0994560060348,50.754936120789786,861
200,15,75,10,54.30534241706424,-66.68495569003132,50.369725967812094,2299
100,35,75,5,53.824736490264954,-82.05189122478106,48.679903993017675,4583
200,20,80,5,53.48852804244402,-78.99056475254574,47.675647120972,3786
120,5,75,5,52.9614287457608,-28.757407079519083,50.54945054945055,637
100,25,70,5,52.69402754769039,-71.97034053114105,49.29449248975876,4394
120,5,80,5,52.493379195794375,-29.380977000742963,50.39246467817896,637
120,35,60,10,50.128476504393625,-56.807165025712436,59.83628201742805,3787
20,15,80,40,49.960085739775394,-47.015599081544664,60.79545454545454,352
20,15,60,20,48.76361787397641,-23.66464855013433,65.33333333333333,375
20,15,65,10,48.2829608596445,-28.797135093130883,58.51063829787234,376
100,5,75,5,47.53301288263532,-27.377997030734917,49.460431654676256,556
100,35,70,5,47.47661226973552,-80.87452873283914,49.72090138515609,4837
120,10,70,10,47.37496918306243,-72.53492815111198,51.51890886546807,1613
120,15,80,5,46.86311191405832,-66.17866722612563,48.07878592185986,3097
100,5,80,5,46.53517801585287,-27.39461335636861,49.280575539568346,556
60,35,65,5,46.506885939701846,-70.74901186589584,50.40840140023337,5142
120,35,80,5,46.37172601402349,-77.6296736474783,48.33448196645991,4353
200,15,65,10,45.98187714487951,-59.63909908340994,55.542071197411005,2472
20,35,60,10,43.27487408449564,-65.14770972261911,61.37164543236649,3689
60,20,70,5,43.03390808585954,-66.38467456571749,48.93444834097653,3707
120,5,70,5,42.91174580270485,-29.64279295251072,50.54945054945055,637
200,5,70,5,41.36563715831869,-31.3138721247864,50.23255813953489,860
100,5,70,5,40.92071437466436,-28.72902037730658,49.460431654676256,556
100,30,75,5,40.51697997899031,-76.967654910289,48.53500335495415,4471
200,10,80,5,40.39690664654505,-59.35236510275366,47.72925764192139,2290
20,15,80,5,40.32244832559171,-22.364668421994725,49.08136482939632,381
20,15,75,5,39.55084742286223,-23.143435575625045,49.60629921259843,381
20,20,65,5,38.77047352825402,-38.74188144892018,50.248403122782115,1409
200,10,70,10,38.605659075903034,-69.15395074528648,52.10706150341685,1756
100,5,65,5,37.86288392342308,-28.156022086360665,50.0,556
200,15,60,10,37.77591461124692,-66.38557310672753,58.301158301158296,2590
120,5,60,5,37.50868125309199,-28.719031653800016,52.024922118380054,642
200,20,70,10,37.176212231980465,-63.651818610194034,53.241077931536786,2746
20,20,60,10,36.62431044865024,-44.95493503998177,58.94245723172629,1286
120,5,65,5,35.840846651049965,-29.56924915073506,50.94043887147336,638
50,30,70,5,35.78711005523765,-71.85563088440283,49.18672739102147,4611
20,15,70,5,35.08380663757349,-24.15581516985779,50.39370078740157,381
200,30,65,5,33.36909075278389,-70.67377731942521,50.870366577923406,4883
20,35,70,5,32.3598384599439,-67.90274427079473,49.7384481255449,4588
120,15,75,5,32.224300019381566,-69.2940692022726,48.36559822278642,3151
20,20,60,5,32.102338099224184,-42.21343172791357,51.83875530410184,1414
100,35,65,5,31.95729850641882,-78.45106122376986,51.22046475297793,5121
120,30,65,5,31.732147954873824,-73.7006192693601,51.58170461414468,4963
100,5,60,5,31.677151822490046,-26.13119813974451,51.162790697674424,559
100,25,75,5,30.80516758484999,-68.43661897278888,47.947805456702255,4215
100,30,70,5,30.63303169263012,-77.4106758579857,49.379811804961506,4676
120,35,60,5,29.970416964057446,-66.50604066211979,53.449541284403665,5450
50,20,75,5,29.146786529578293,-63.23195696538267,47.96211251435132,3484
60,20,65,5,29.110956355188545,-70.0614339636619,50.20997375328085,3810
20,15,60,10,26.335779043187536,-25.22099574124294,60.47745358090185,377
20,35,70,20,25.83386114259558,-59.36079987201796,62.15626364033173,2291
100,30,65,5,25.183591408682936,-75.00081238871084,51.012145748987855,4940
20,10,80,40,25.14843704414549,-7.130910120995688,76.66666666666667,30
120,15,65,5,25.01107683925847,-68.24847516024515,50.242865816636304,3294
20,15,65,5,24.46770247575745,-25.113797342951788,51.96850393700787,381
50,35,65,5,23.573427797284154,-65.51832788792935,50.6531487619419,5129
20,15,60,5,23.13166189172002,-23.683780975352654,53.018372703412076,381
200,20,65,10,22.11809853538802,-61.63939028828121,56.44937586685159,2884
120,30,70,5,21.5415943777846,-73.1594851102933,49.562806568564724,4689
20,10,75,40,21.448770918333725,-7.127656181573139,80.0,30
200,15,70,10,21.139359379063528,-64.6282503285894,52.41901556583929,2377
20,10,65,40,19.763609138060723,-7.1309087321869775,76.66666666666667,30
20,10,70,40,19.621938383067228,-7.1266958696650144,80.0,30
20,10,65,20,18.635126087964913,-6.389265510770195,73.33333333333333,30
20,10,70,20,17.950395318515966,-6.394494138107028,73.33333333333333,30
20,10,80,20,17.88807193702433,-6.392439161278764,63.33333333333333,30
200,25,70,5,17.799042861770786,-69.39386198221885,48.671360436066315,4403
50,20,65,5,17.762198004221297,-65.02220652128207,50.14990460615971,3669
200,10,65,5,17.69848953829234,-57.857460934127445,49.1928632115548,2354
20,10,80,10,17.199212420130785,-6.3823938832903355,53.333333333333336,30
20,10,75,20,16.947342086424744,-6.393566330988716,70.0,30
120,20,80,5,16.817710395674347,-77.12056842288288,47.96054385497201,3751
50,20,70,5,16.774646940769333,-61.57827783892406,48.68273542600897,3568
200,25,65,5,16.646693475488462,-70.91810746105155,50.260416666666664,4608
200,10,75,5,15.794162410922219,-62.83981471347396,47.88245462402766,2314
20,10,75,10,14.434921107403342,-6.3823938832903355,56.666666666666664,30
120,25,70,5,14.27306067332228,-72.05804012688104,49.37909234590201,4429
100,15,60,5,13.611846850718944,-71.68892954485014,50.21393643031785,3272
20,10,65,10,12.842158979428287,-5.773071771797363,66.66666666666666,30
200,10,60,5,12.082567237317022,-60.64737484392201,50.10490977759127,2383
120,20,60,5,12.077980353378393,-69.14718423727888,52.11103335665966,4287
20,10,70,10,11.577407218713965,-6.276718847124879,60.0,30
20,10,60,40,10.818715847998096,-7.541769044281434,73.33333333333333,30
120,35,70,5,10.727490227718528,-74.28650148902547,49.66791199667912,4818
50,20,60,5,10.699437760312836,-67.00222431703223,51.613756613756614,3780
200,35,60,5,10.66094679335543,-72.92954917338216,52.881546836868786,5327
120,30,75,5,9.991328109622287,-77.59126857911434,48.533691515558544,4467
20,10,60,20,9.75766010906196,-7.359259678807978,70.0,30
20,10,65,5,9.726111304788777,-4.712563694388714,60.0,30
20,10,70,5,8.912895311611146,-5.026684739002536,60.0,30
120,35,65,5,8.587702039882995,-77.56942018066422,51.507439310884884,5108
20,10,60,10,8.413473992039489,-5.824175636176366,63.33333333333333,30
200,30,60,5,8.37668110189429,-72.12666487729813,52.4031007751938,5160
20,10,75,5,8.066899029385866,-5.028415727313932,60.0,30
20,10,80,5,7.375239116856713,-5.028415727313932,56.666666666666664,30
120,25,75,5,7.111347419311054,-75.41326756773404,48.59901106663527,4247
20,10,60,5,6.395089156248246,-4.797155193104912,56.666666666666664,30
200,10,70,5,4.778764718793815,-61.33144654513997,48.07032590051458,2332
200,15,60,5,4.721900022081349,-67.53309904822265,51.0590228748941,3541
50,35,70,5,4.204842872629366,-71.71516155696519,48.94715111478117,4844
120,15,70,5,3.838581093683824,-71.33817854762141,48.81693648816937,3212
200,20,75,5,2.863247093348442,-81.18483059421173,47.7769210999743,3891
120,35,75,5,0.30014991892099996,-79.99946989704043,48.617208077260756,4556
20,5,75,20,0.0,0.0,0.0,0
20,5,65,40,0.0,0.0,0.0,0
20,5,75,5,0.0,0.0,0.0,0
20,5,75,10,0.0,0.0,0.0,0
20,5,70,20,0.0,0.0,0.0,0
20,5,70,40,0.0,0.0,0.0,0
20,5,80,5,0.0,0.0,0.0,0
20,5,65,20,0.0,0.0,0.0,0
20,5,75,40,0.0,0.0,0.0,0
20,5,80,10,0.0,0.0,0.0,0
20,5,70,5,0.0,0.0,0.0,0
20,5,70,10,0.0,0.0,0.0,0
20,5,80,20,0.0,0.0,0.0,0
20,5,80,40,0.0,0.0,0.0,0
20,5,65,10,0.0,0.0,0.0,0
20,5,65,5,0.0,0.0,0.0,0
20,5,60,5,0.0,0.0,0.0,0
20,5,60,20,0.0,0.0,0.0,0
20,5,60,40,0.0,0.0,0.0,0
20,5,60,10,0.0,0.0,0.0,0
120,20,75,5,-3.3270717935458882,-76.66767982670007,48.36448598130841,3852
20,30,60,5,-6.8968723621621315,-78.31218979575101,52.8478731074261,4161
200,25,60,5,-9.751485497239932,-77.7121316275578,52.06270627062707,4848
200,15,80,5,-9.9032134739112,-75.30436931459681,47.74273345701917,3234
100,15,65,5,-11.163333164250677,-75.96017049185019,48.60807006568658,3197
100,15,75,5,-12.118830710710105,-77.14336115393165,47.16796875,3072
100,20,60,5,-15.58821509274293,-79.26843897868014,51.310147689375896,4198
100,20,80,5,-16.474309769905148,-83.41752056539845,46.782044348296374,3698
200,20,65,5,-16.833633934033454,-80.41237042041148,49.96403740110285,4171
200,20,60,10,-17.333883059015733,-64.12697189301235,58.20071451770055,3079
200,15,75,5,-17.781838489843505,-77.33042771540045,47.93814432989691,3298
120,20,70,5,-20.308767784799,-77.0273064934806,49.094567404426556,3976
100,15,80,5,-20.450932273669164,-76.03309043994308,46.65784248841827,3022
200,15,65,5,-21.075775709912527,-75.1685966167489,49.53703703703704,3456
200,20,60,5,-22.2147238227251,-80.73192561567606,51.66858457997699,4345
100,15,70,5,-22.80873322144049,-78.40225499933922,47.555129434324066,3129
20,35,65,5,-24.054795371113137,-70.21393886360961,51.23572170301143,4815
120,20,65,5,-30.096764494582263,-79.51511230142708,50.2786527744124,4127
100,20,75,5,-32.62619410904536,-82.6535927142409,47.444678609062166,3796
200,20,70,5,-33.5374169201649,-80.8431015712192,48.24320956890107,4013
100,20,65,5,-42.43504393579547,-82.58714487247933,49.308641975308646,4050
100,20,70,5,-43.78616349999548,-82.75631978042026,48.1368044920878,3918
20,35,60,5,-44.16795300104147,-77.33383484851964,53.40459224069676,5052
200,15,70,5,-44.70809323983049,-78.78360873091927,48.2174688057041,3366
